TractFIPS_1,PlaceName_1,Population2010,TractFIPS,BINGE_CrudePrev,CSMOKING_CrudePrev,LPA_CrudePrev,OBESITY_CrudePrev,SLEEP_CrudePrev,ARTHRITIS_CrudePrev,CASTHMA_CrudePrev,BPHIGH_CrudePrev,CANCER_CrudePrev,HIGHCHOL_CrudePrev,KIDNEY_CrudePrev,COPD_CrudePrev,CHD_CrudePrev,DIABETES_CrudePrev,MHLTH_CrudePrev,PHLTH_CrudePrev,TEETHLOST_CrudePrev,STROKE_CrudePrev,ACCESS2_CrudePrev,CHECKUP_CrudePrev,DENTAL_CrudePrev,BPMED_CrudePrev,CHOLSCREEN_CrudePrev,MAMMOUSE_CrudePrev,PAPTEST_CrudePrev,COLON_SCREEN_CrudePrev,COREM_CrudePrev,COREW_CrudePrev
48157670101,"Houston, TX",6774,48157670101,15.2,23,43,42.5,40.1,20.9,10.2,37.5,3.9,33.7,3.6,6.6,5.7,15.9,17.6,16.8,22.5,3.8,40.4,67.7,42.4,71.3,74.3,79.2,81,49.7,21,21.7
48157670102,"Houston, TX",3383,48157670102,15.5,19.8,37,42.1,40.7,21.3,10.2,39.4,4.2,32.2,3.2,5.5,4.9,14.7,14.9,13.7,16.6,3.6,28.9,72.2,53.7,74.1,79.9,81.6,83,58.7,25,27.1
48157670200,"Houston, TX",8322,48157670200,15.9,19.4,36,41.1,40.6,21.5,10.1,39,4.3,32.7,3.2,5.6,5,14.7,14.7,13.8,18.4,3.5,29.4,71.8,50.4,74.3,79.8,81.7,83,55.9,24.8,25.3
48157670300,"Houston, TX",3801,48157670300,14.2,19,36,42.8,40,24.7,10.5,44.4,5.1,34.9,3.7,6.3,6,16.8,14.2,14.2,15.7,4.4,25.3,75.1,56.7,78.2,82,83.1,84,63.8,25.4,28.2
48157670400,"Houston, TX",5058,48157670400,15,16.4,32,40.2,40.4,22.4,10.3,41.2,4.8,32.2,3.1,5,4.8,14.3,12.8,11.8,14.3,3.6,21.1,75.9,58.4,77.1,83.3,83.6,85,64.1,25.5,28.7
48157670601,"Houston, TX",3239,48157670601,15.4,16.2,30,39.9,40.1,22.4,10.5,41.6,4.9,32.1,3,4.9,4.5,13.8,12.4,11.5,11.7,3.4,19.3,76.7,63.4,77,84.5,84,85,66.1,28.3,31.1
48157670602,"Houston, TX",1907,48157670602,14.9,20.7,38,42.6,41.3,22.8,10.8,41.6,4.4,33.3,3.4,6.3,5.3,15.7,15.5,14.7,18.3,4,28.6,73.3,51.8,75.4,79.6,82.1,83,57,24.7,26
48157670700,"Houston, TX",1506,48157670700,15.9,14.2,28,37.7,39.2,20.3,10.1,38.3,4.6,30.2,2.7,4.1,3.8,12,11.4,10.1,10.6,2.9,17.3,76.3,65.5,75.4,84.8,84.3,86,66.9,29.6,32.9
48157672001,"Houston, TX",2076,48157672001,15.4,14.3,30,29.6,35.5,18.6,8.1,31.7,4.8,32.3,2.7,4.3,4.4,11.8,11.6,10.8,11.2,2.6,23,69,61.6,73.8,80,79.6,80,60.6,31.8,31.1
48157672400,"Houston, TX",146,48157672400,14.3,16.8,32,32.5,39.8,18.6,8.8,35.3,3.8,32.9,2.7,4.6,4.4,13.6,12.6,11.9,11.9,2.9,21.6,71.3,57.6,74.4,80.6,77.7,79,53.3,24,30.5
48157672900,"Houston, TX",825,48157672900,20.6,12.8,24,27.8,33.7,13.9,7.5,24.5,3.8,26.7,1.9,2.8,2.8,7.4,10.3,7.8,7.1,1.6,18.2,66,69.7,64.9,80.2,79.1,83,64.5,36.2,36.8
48157673002,"Houston, TX",480,48157673002,19.6,14.3,25,28.5,32.5,16.7,7.6,25.9,4.5,30.3,2,3.6,3.3,7.9,10.9,9.1,6.5,1.8,15.4,65.4,71.9,67.2,82.8,78.7,83,62.7,36.2,35.2
48157673003,"Houston, TX",61,48157673003,18.9,9.7,20,22,31.3,13,6.6,20.8,3.9,27.2,1.6,2.2,2.2,6.1,8.3,6.3,4.3,1.2,11.8,66.2,77.9,64.5,84,77.3,80,72.8,39.5,48.3
48157673102,"Houston, TX",515,48157673102,20.3,11.2,22,26.3,29.6,16.7,7.3,24.9,5.2,29.2,2,3.2,3.3,6.9,9.6,7.8,5.5,1.7,13.8,66.6,78.2,68.4,83,79.2,84,69.3,43,40.8
48201100000,"Houston, TX",4690,48201100000,25.2,15.5,23,32,35,15,6.7,28.2,4.1,32.2,2.2,3.9,4.2,8.9,10.7,9.4,11.2,2.2,20.4,65.6,62.2,67,80.5,78,82,58.7,30.2,33.7
48201210100,"Houston, TX",9652,48201210100,32,22.1,26,31,39.2,9.3,7.9,22.4,2.1,22.4,1.5,3.2,2.3,5.7,13.3,8.5,15.9,1.5,33,63,54.8,49.8,69.2,77.2,80,54.4,27.6,30.1
48201210400,"Houston, TX",5328,48201210400,16.2,22.5,42,41.5,37.9,21,8.7,36.1,4.6,38.8,4.3,7.2,7.8,17.9,17.5,18.6,24.1,4.2,46,66.6,39.6,72,74.4,75.9,80,44.5,19.1,19.3
48201210500,"Houston, TX",4882,48201210500,16.6,19.7,40,39.3,37,20.3,8.3,34.4,4.7,38,4.2,6.5,7.4,17.1,16.3,17.3,25.5,4,45.4,66.7,39.6,72.2,74.9,75.2,80,44.2,19,19.2
48201210600,"Houston, TX",5497,48201210600,18.3,15.2,33,34.6,32.9,20,7.3,31.9,5.6,37.6,3.5,5.3,6.5,14.3,12.8,13.7,14.9,3.2,35,67.7,56,72.9,80,75.8,82,55.3,26,26.5
48201210700,"Houston, TX",2485,48201210700,16.4,21.1,41,40.7,38.6,21,8.9,35.9,4.7,37.5,4.3,6.9,7.5,17.4,17,17.7,29.5,4.5,45.2,67.4,37.5,72.9,74.5,76.3,81,44.7,18.1,18.3
48201210800,"Houston, TX",2753,48201210800,16.3,22.7,41,43,41.1,22.3,9.4,39.2,4.7,37.7,4.3,7.5,7.5,18.1,16.9,17.8,33.4,5,42.8,69.3,36.2,74.5,76.2,77.4,81,46,17.8,19.2
48201210900,"Houston, TX",1620,48201210900,13.1,26.1,44,47.5,44.4,28.1,10.7,49.5,5.8,40.8,5.4,10,9.5,22.2,17.8,20,36.7,7.2,35.7,75.6,35.3,80.2,79.3,79.6,82,48.1,16.8,18.6
48201211000,"Houston, TX",2039,48201211000,14.1,24.1,42,44.3,41.9,27.4,10.7,47.2,5.9,40,5.1,9.4,9.3,20.8,16.9,19,30,6.8,36.9,75,43,79.6,79.2,78.9,82,54.3,19.1,21.3
48201211100,"Houston, TX",6004,48201211100,14.1,26,46,46.4,41.7,24.9,10.3,43.7,5,39.8,5.3,9.5,9.4,21.2,19.1,20.9,35.8,6.5,44.1,70.6,34.8,76.4,74.8,78.1,82,45.2,16.9,18
48201211200,"Houston, TX",2831,48201211200,13.4,25,44,46.5,43.2,27.7,10.9,47.3,5.7,40.5,5.4,9.8,9.6,21.8,18,20.3,35.2,6.9,37.8,74.4,36.1,79.2,78.8,78.7,82,47.5,17.5,19.2
48201211300,"Houston, TX",5046,48201211300,13.1,26.4,45,48.3,43.9,27.7,10.9,48.5,5.5,40.6,5.6,10.3,10.1,22.5,18.8,20.9,37.7,7.3,37.3,74.4,34.2,79.4,77.8,79.9,82,46.7,16.9,17.8
48201211400,"Houston, TX",3690,48201211400,15.7,25,40,43.8,41.6,21,10.2,38.2,4.2,35.1,4.2,7.8,6.8,16.3,18.5,17.5,32.8,4.9,36.8,69.2,39,72.7,73.6,79.4,83,48.6,18.4,19.5
48201211500,"Houston, TX",6907,48201211500,17.6,20,40,38.9,36.3,18.6,8.1,31.9,4.3,37,3.8,6,6.7,16.1,16.5,16.9,22.2,3.5,48.8,64.7,41.7,69.3,73.3,74.8,80,45.8,19.9,20.6
48201211600,"Houston, TX",2811,48201211600,17,17.8,38,38.4,36.7,20.5,8,35,5,38,3.9,5.9,7.1,16.8,14.6,15.7,22.5,3.9,42.2,68.3,43.7,73.7,77.6,75.7,80,48.8,20,20.6
48201211700,"Houston, TX",3886,48201211700,13.6,24.8,44,46.2,43.3,27.4,10.6,47.6,5.7,40.4,5.3,9.5,9.4,21.6,17.5,19.6,35.1,6.8,37.3,74.8,36.7,79.5,79,78.8,82,48.3,18,19.6
48201211900,"Houston, TX",5225,48201211900,16.5,21,43,40.1,36.5,19.7,8.2,33.5,4.5,38.7,4.3,6.6,7.7,17.8,17.4,18.7,25.4,3.9,51.8,64.6,37.7,70.2,72.8,73.8,80,42.1,18.4,18.8
48201212300,"Houston, TX",5381,48201212300,15.3,23.2,45,43.1,38.1,21.5,8.4,37.1,4.6,40.6,4.8,7.8,9,19.9,18.4,20.6,29.8,4.7,50,65.3,33.4,72.4,73.1,74.9,80,39.3,17.2,16.6
48201212400,"Houston, TX",3216,48201212400,17.5,19.2,40,38.3,36.4,19.5,8,33.2,4.6,37.8,3.9,6,7,16.6,15.7,16.6,23.1,3.6,47.4,66.1,42,71,75.3,74.7,80,46.4,20,20.9
48201212500,"Houston, TX",3610,48201212500,12.6,19.8,40,42.4,40,30.7,10.2,50.6,7.5,42.2,5.8,9.4,10.7,22.4,14.7,18.5,28.8,7.6,33.4,77.8,45.6,83.1,82.7,78.7,82,55.8,20.5,22.3
48201220100,"Houston, TX",2097,48201220100,15.9,23,41,42.3,41,23.7,10.2,40.8,5.2,37.7,4.5,8,7.7,18.3,17,17.8,31.6,5.4,41,71.3,40.4,75.8,76.9,77.8,81,49.1,18.3,21.2
48201220200,"Houston, TX",3030,48201220200,18.4,18.2,38,37.3,35.3,18.2,7.7,30.8,4.4,36.5,3.6,5.5,6.2,15,15.2,15.5,19.7,3.1,45.4,65.1,45.5,69.4,75.2,74.8,80,47.7,22,22.3
48201220300,"Houston, TX",4509,48201220300,18.8,19.1,38,37.4,35.7,17.7,7.8,30.1,4.2,35.9,3.4,5.6,6.1,14.4,15.8,15.6,20.7,3.1,46.3,64.3,44.6,68.1,73.9,74.8,80,47.1,21.8,22.9
48201220400,"Houston, TX",5021,48201220400,18.6,20.7,40,38.4,37.1,17.1,8.3,29.5,3.8,34.8,3.5,5.8,5.9,14.2,17.1,16.3,25.3,3.1,48.9,63.4,38.8,66.2,71.6,75,80,42.7,19.7,19.8
48201220500,"Houston, TX",4288,48201220500,14.2,22.8,45,42.1,37.4,27.1,9.1,42,6.2,43.7,5.5,10.3,11,21.7,17.8,21.5,34.2,6.3,47.7,68.7,35.4,78.2,75.3,74.5,79,46.1,18,19.3
48201220600,"Houston, TX",3894,48201220600,17.1,23,42,40.8,38.9,18.2,9.1,31.7,3.9,35,3.8,6.6,6.3,15,18.6,17.6,29.5,3.6,48.8,64.7,35,67.1,70.8,74.9,80,40.9,19.3,18.6
48201220700,"Houston, TX",6317,48201220700,15.8,25,45,43.6,40.1,21.4,9.5,37.2,4.4,37.9,4.6,8.2,8.1,18.3,19.2,19.7,36,5,49.5,66.5,33.3,72,71.6,75.4,80,43.1,17,18.5
48201220800,"Houston, TX",3289,48201220800,13.7,30,49,47.7,44,24.4,11.4,42.6,4.5,38.7,5.3,10.6,9.1,20.6,22.1,22.6,47.7,6.6,48.4,69.4,26.8,74.5,70.9,76.9,80,40.4,14.7,16.4
48201220900,"Houston, TX",1852,48201220900,18.1,20.6,40,38.7,37.1,17.8,8.4,31.5,3.9,35.2,3.6,5.8,6.2,15,16.7,16.1,23.7,3.4,47.7,65.2,42.7,68.6,72.4,74.4,80,48,20.5,21.9
48201221000,"Houston, TX",4037,48201221000,16.9,24.3,43,41.2,38.5,19.4,9.3,33.1,4,36.2,4,7.3,6.9,15.9,19.1,18.6,27.9,3.9,49.3,64.7,36.9,68.5,70.8,74.8,80,43,18.7,19.9
48201221100,"Houston, TX",3598,48201221100,16.8,24.3,45,41.9,37.3,18.8,8.5,32.5,3.9,37.1,4.1,7.4,7.3,16.5,19.4,19.5,29,3.9,52,62.6,37.3,67.5,69.3,74.5,80,40.7,20.4,19.8
48201221200,"Houston, TX",5994,48201221200,17.9,21,41,39.3,36.8,18.9,8.1,31.5,4.3,36.5,3.7,6.5,6.6,14.9,17,16.9,25.9,3.4,47.2,64.2,40.7,68.8,73,74.5,80,44.9,21,22.1
48201221300,"Houston, TX",8593,48201221300,18.3,20.9,40,38.4,36.5,17.7,8.2,29.9,4,35.4,3.5,6,6,14.3,17,16.5,24.6,3.2,48.9,63.5,41.1,66.9,72,74.1,80,44.6,21,21.7
48201221400,"Houston, TX",6137,48201221400,18,24,43,40.4,38.5,17.3,8.6,30.1,3.7,34.9,3.7,6.7,6.4,14.5,19.1,18.1,33.7,3.4,53.2,61.8,32.3,64.8,68.3,73.4,79,39,18.8,19.2
48201221500,"Houston, TX",8259,48201221500,16.9,25,44,41.9,39.1,18.4,9.3,32.2,3.8,34.7,4,7.3,6.6,15,19.9,18.7,33.9,4,50.7,63.7,34.7,66.6,68.4,75,80,41.6,19,19.3
48201221600,"Houston, TX",2191,48201221600,18.5,20.4,38,36.7,36.6,19.1,8.2,30.6,4.6,36.2,3.4,6.4,6.3,13.8,16.1,16,26,3.3,45.9,64.8,41.7,68.8,74.4,73,80,46.8,22.6,24.1
48201221700,"Houston, TX",4345,48201221700,18.1,23.2,42,38.9,38.1,18.6,8.6,30.9,4.1,36.4,3.7,7,6.7,14.9,18.3,18,33.3,3.5,52.1,62.9,32.8,66.8,70.4,71.7,78,40.4,18.8,20.1
48201222000,"Houston, TX",2435,48201222000,19.8,20.2,38,37.2,36.6,16.8,8.1,29.2,3.9,34.2,3.3,5.5,5.6,13.4,16.3,15.3,21.9,3,46.4,63.7,44,66.1,72.3,75.4,80,45.5,21.4,22
48201222300,"Houston, TX",119,48201222300,21.3,20.6,37,36.9,38.2,13.2,8,23.5,3,29.2,2.6,4.5,4,9.8,16.5,13.7,29.5,2.1,50,60.4,36.9,56.9,70.1,70.8,80,46.7,19.5,28.8
48201222401,"Houston, TX",391,48201222401,18.1,23.5,42,37.6,37.1,17,8.6,28.7,3.7,34.2,3.4,6.6,5.8,13.2,18.8,17.2,31.7,3.2,50.3,62.2,39.9,64.5,68.2,72.3,77,39.4,22.5,25.8
48201222501,"Houston, TX",2860,48201222501,17.4,27.7,47,43.3,40,16.7,9,30.7,3.2,34.3,3.9,7.4,6.6,14.9,21.5,19.9,40.6,3.7,57.8,60.3,26.3,62.3,64.1,72,79,35.4,17.1,17.7
48201222502,"Houston, TX",2491,48201222502,17,22.2,42,40.5,37.2,20.3,8.5,33.4,4.6,37.8,4,7.4,7.4,16.1,17.7,18.2,27.9,3.9,47.7,64.9,39.2,70.3,72.9,73.4,80,44.8,21.2,22.3
48201222503,"Houston, TX",6614,48201222503,17.8,25.6,44,42.1,39.4,16.7,8.9,30.3,3.2,34.3,3.7,6.8,6.1,14.7,20.2,18.8,34.2,3.5,54.6,61.3,30.7,63.3,66.9,73.5,79,38.1,17.7,19.2
48201222600,"Houston, TX",4947,48201222600,18.2,24,42,42.1,40.1,16.2,8.8,30.4,3.1,32.6,3.6,6.3,5.5,14,19,17,38.3,3.5,50.1,62.4,30.5,64.7,67.6,76.4,80,42.7,15.9,18.5
48201222700,"Houston, TX",1177,48201222700,14.3,24.1,40,44.2,43.2,23.5,11.2,40.6,5.1,34.8,4.4,8.2,7.1,16.2,18.4,16.8,33.1,5.2,34.6,73.9,37.1,74.4,75.6,78.5,83,52.7,20.3,21.4
48201230100,"Houston, TX",1705,48201230100,14.5,22.1,39,42.6,41.9,26.2,10.9,45.4,5.9,37.8,4.6,8.2,8,18.6,15.8,16.6,28,5.9,32.7,76.4,45.6,79,80.5,78.7,83,56.5,20.3,23.7
48201230200,"Houston, TX",5054,48201230200,13.8,22.3,39,45.1,42.8,27,10.6,47.7,5.9,38.9,4.8,8.3,8.3,19.8,15.7,16.8,27.3,6.2,29.7,77.3,44.5,80.1,81.6,79.8,83,56.4,20.1,22.9
48201230300,"Houston, TX",1803,48201230300,13.5,23.8,42,46,43.7,28,10.6,49,6.1,40.3,5.1,9.3,9.4,21.3,16.4,18.6,33.5,6.9,33.7,76.4,38.8,80.6,81,79,83,51.6,18.8,20.4
48201230400,"Houston, TX",3719,48201230400,15.7,22.8,40,42.7,40.2,23.9,10,41.7,5.1,37.8,4.5,8,7.9,18.4,16.7,17.6,26.6,5.5,39.5,71.9,45.1,76.5,77.2,78.5,82,53.9,20.2,22.8
48201230500,"Houston, TX",4174,48201230500,16.7,21,41,40.9,37.9,20.7,8.6,35.6,4.6,37.6,4.3,7,7.7,17.5,16.9,17.6,28.8,4.5,46.5,66.8,39.2,72.7,73.7,75.8,80,46.3,18.8,19.8
48201230600,"Houston, TX",2572,48201230600,14.5,23.3,41,44.4,42.3,26.4,10.3,46,5.7,39.7,4.8,8.7,8.7,20.3,16.3,18.1,32.3,6.2,36.9,74.5,39.2,79.1,79.7,78.8,82,51.4,18.2,20.9
48201230700,"Houston, TX",2651,48201230700,13.6,23.8,42,46.3,42.7,26.4,10.9,46.1,5.6,38.8,4.9,8.9,8.4,20.2,17.4,18.1,31.2,6.3,34.5,75.4,39.9,79,79,79.5,83,52.8,18.9,21.6
48201230800,"Houston, TX",2805,48201230800,14.2,22.9,40,44.4,42.5,27.4,10.5,47.7,6.1,39.9,4.8,8.7,8.6,20.4,15.7,17.4,29.4,6.3,34.2,76.5,42.1,80.4,80.8,78.4,82,55.7,19.5,22.7
48201230900,"Houston, TX",4231,48201230900,13.2,25.4,44,46.7,43.4,27.7,11.1,48.4,5.8,39.5,5.3,9.6,9.3,21.2,17.8,19.3,32.5,7,35.2,76,40,79.6,78.9,79.5,82,51.8,18.7,20.5
48201231000,"Houston, TX",4282,48201231000,15.1,22.9,40,43.6,41.5,25.6,10.2,44.4,5.5,39,4.5,8.3,8.1,19.2,16.2,17.3,27,5.7,35.9,74.1,44.2,78.5,79.5,79,82,55.9,20.1,23.9
48201231100,"Houston, TX",4729,48201231100,16,24.7,43,43.5,40.5,21.9,9.7,38.1,4.5,37.4,4.3,8.1,7.5,17.5,18.6,18.6,30.5,4.8,43.4,68.4,37.5,72.9,73.6,77,81,46.8,19.2,20.8
48201231200,"Houston, TX",6693,48201231200,16.6,22.3,36,41.9,42.8,20.8,10.6,37.9,4.3,33.5,3.5,6.5,5.5,14.7,16.5,14.8,27.4,4.1,32.9,73.1,42.6,73.3,77.5,80.5,82,53.6,19.9,22.8
48201231300,"Houston, TX",4254,48201231300,14.6,22.4,38,45.2,42.9,25.2,10.6,44.8,5.2,37.7,4.4,7.9,7.3,18.5,16.2,16.5,27,5.4,29.8,75.7,43.2,78.4,80.5,81.3,84,55.4,19.5,22.6
48201231400,"Houston, TX",2379,48201231400,12.8,19.1,37,43.2,41.2,30.5,10.5,51.8,7.4,41.3,5,8.3,9,21.2,13.4,15.8,22.2,6.6,26.2,80.9,50.8,83.5,85.6,80.4,84,63.7,21.9,26.1
48201231500,"Houston, TX",2706,48201231500,12.2,22.8,42,47.1,43.3,30.9,11,52.7,6.8,41.8,5.5,9.7,9.9,23.1,15.9,18.5,30.3,7.5,30,79.4,41.2,83,82.9,80.4,84,56.3,18.9,22.1
48201231600,"Houston, TX",2822,48201231600,13.5,20.7,38,44.3,41.2,29.4,10.3,50.1,6.8,41.2,5,8.8,9.1,21.4,14.5,16.8,24.6,6.6,30.3,78.3,47.5,82.4,83.2,80.2,83,60.6,21,24.9
48201231700,"Houston, TX",113,48201231700,15.5,24.7,42,41.2,38.9,23.5,9.7,38.4,5,40.3,4.2,8.9,8.5,17.8,18.4,19.3,30.9,4.7,43.1,68.2,38.2,74.7,75.4,70.6,79,46.3,19.8,25.7
48201231800,"Houston, TX",2764,48201231800,16.9,19.8,37,39.7,38.8,22.6,9.3,38.5,5.1,37.6,3.9,6.8,6.8,16.8,14.9,15.5,24.4,4.4,37.5,71.2,46.2,76.2,78.9,78.7,81,55.5,20.6,23.7
48201231900,"Houston, TX",5227,48201231900,13.9,23.3,40,45.2,42,27.9,10.9,48.1,5.9,40.1,4.7,8.9,8.3,20.6,16.1,17.6,23.5,6.2,31.7,77.1,47.6,80.5,81.5,80.6,83,60,20.8,25.2
48201232000,"Houston, TX",1717,48201232000,13.9,20.2,36,42.4,41.7,28.7,10.7,48.9,6.6,40.6,4.5,8.2,8.1,20,14,16,23.5,5.9,28.9,79,48.3,82.1,84.3,80.6,82,61.8,20.8,25.3
48201232200,"Houston, TX",1712,48201232200,21.5,13.4,25,30,31.2,17.2,7.3,26.1,5.3,32.5,2.6,4.5,4.7,9.1,11.5,10.2,11.7,2.3,25.4,66.5,65.4,69.2,79.7,76.5,84,62.8,33.7,35.1
48201232401,"Houston, TX",1933,48201232401,20.3,16.6,31,35.5,37,15.2,8.3,27.9,3.5,30.6,2.6,4.1,3.9,11.1,13.7,11.7,16.2,2.5,34.9,67.2,54.5,66.8,77.2,79,82,54.3,22.6,26.4
48201232403,"Houston, TX",600,48201232403,21.3,20.6,35,38.1,38.3,12.7,8.4,24.8,2.6,27.8,2.5,4.1,3.4,9.7,16.2,12.8,18.8,2.1,42.5,62.5,45.9,57.9,71.5,78.9,82,48.7,21.7,25.4
48201232500,"Houston, TX",3135,48201232500,17.5,21.1,39,39.9,37.7,21.6,8.1,37.3,5,39.2,4,7,7.9,17.1,15.4,16.8,22.1,4.2,39.7,68,43.8,73.7,77.4,75,80,48.6,20.8,21.8
48201232600,"Houston, TX",3000,48201232600,19.1,16.9,34,34.3,34.8,19.6,8.1,30.7,5.2,35.9,3.3,5.7,6,13.2,13.9,14,18.6,3.1,39.3,67.1,53.2,71,78.1,73.7,80,54.6,27,28
48201232701,"Houston, TX",7235,48201232701,19,21.3,37,38.5,39.3,16.9,9.2,30.3,3.6,32,3.2,5.7,5.1,12.8,16.8,14.8,26.9,3.2,42.9,65.7,41.3,66.8,72.4,78,80,48.5,20.2,21.3
48201232702,"Houston, TX",5217,48201232702,18.2,22.7,40,39.3,38.5,19.5,8.8,32.9,4.6,35.2,3.8,7.1,6.8,14.4,17.3,16.8,31.6,4,46.9,65.1,37.8,69.1,71.7,75,80,46.4,20.2,21.3
48201232900,"Houston, TX",929,48201232900,19.9,18.7,30,36.8,40,14.5,9.4,28.4,3.1,27.3,2.4,4.1,3.2,9.6,14.6,11,17.5,2.4,29.8,69.4,54.2,64.8,76.5,81.1,83,55.4,22.5,28.1
48201233001,"Houston, TX",1775,48201233001,20.6,19.8,32,37.4,38.7,14.1,9.1,27.2,3,27.5,2.5,4.3,3.3,9.4,15.5,11.6,16.7,2.3,33.3,66.9,52.4,62.9,74,78.4,83,53.7,23.3,29.6
48201233101,"Houston, TX",271,48201233101,16.7,20.8,41,38.6,36.9,21.6,8.2,34.2,5.4,38.9,4.2,7.7,8,16.2,16.6,18.1,32.8,4.2,45.3,65.6,38.4,71.6,74.8,71.1,80,44.4,22.5,22
48201233103,"Houston, TX",239,48201233103,17.2,24.7,44,40.7,38.5,19.4,8.9,32.2,4.1,36.7,4,7.8,7.5,15.4,19.7,19.3,35.9,4,50.6,63.1,32.2,67.7,69.3,72.3,80,37.5,19.3,16.8
48201233200,"Houston, TX",6232,48201233200,18.9,20,36,35.9,35.5,20.2,8.2,31,5.2,36.5,3.4,6.7,6.5,13,15.5,15.3,23,3.3,40.4,65.6,47.7,70.1,75.9,72.6,80,51,25.8,26.6
48201233300,"Houston, TX",4818,48201233300,20.2,19.5,37,36.1,36.3,16.3,8,27.6,3.9,33.7,3.1,5.3,5.3,12.5,15.8,14.7,23.1,2.7,47.3,63.1,42.7,64.8,72.8,73.6,80,46,21.7,23.7
48201233600,"Houston, TX",2127,48201233600,13.4,24.2,42,46.9,43.4,27.6,10.9,48,5.7,39.6,5.3,9.4,9,21.2,17.4,19.1,32.9,6.9,33.8,75.7,39.7,79.7,79.8,80.5,83,51.1,18.3,19.8
48201240100,"Houston, TX",3067,48201240100,20.8,23.5,36,39,40.5,12.8,9.5,26.4,2.4,26.6,2.6,4.7,3.5,9.6,18,13.3,21.4,2.4,41.7,64,41.4,57.4,68.3,78.7,81,46.3,20,22.3
48201240400,"Houston, TX",101,48201240400,22,17.1,30,32.6,34.4,17.3,8.4,25.8,4.2,32.4,2.6,5.6,4.4,9.9,14.8,12.7,20.1,2.5,33,64.4,55,66.8,74.5,76.3,79,55.7,,30.3
48201240501,"Houston, TX",2452,48201240501,17.8,25.1,39,42.4,42.4,16.8,10.7,32.3,3.1,29.9,3.3,6.2,4.5,12.5,19.3,15.4,28.2,3.4,39.5,67.7,39.4,65.2,70.6,80.1,81,47.2,18.5,21
48201240502,"Houston, TX",5594,48201240502,18.3,25.7,40,42.3,42.1,14.4,10.2,29.2,2.5,28.3,3.1,5.7,4.2,11.4,20.4,15.6,32.1,3,44.1,64.7,33.7,60.1,66.8,78,81,41.1,16.8,18.7
48201240600,"Houston, TX",2327,48201240600,19,25.2,40,42,41.3,13,9.6,27.5,2.3,27.1,2.9,5.1,3.8,10.6,19.8,14.9,28.7,2.6,45.7,63.2,34.9,57.2,66,78.4,81,42.3,18.8,19.3
48201240701,"Houston, TX",573,48201240701,22.9,19.8,28,33.6,39.5,10.7,9.8,22.5,2.2,21.7,1.8,3.4,2.1,6.3,15.8,9.4,15.1,1.7,29.2,66.7,54.9,54.7,71,79.4,82,52.7,31.7,
48201240702,"Houston, TX",602,48201240702,21.3,19.9,32,38.5,40.8,13.1,8.8,26.7,2.7,26.4,2.3,3.7,2.8,9,14.7,11.1,16.7,2.1,33.7,66.8,50.1,60.4,76,79.2,84,50.7,21.7,27.7
48201241300,"Houston, TX",311,48201241300,23.2,13.6,23,28.2,33.6,13.5,7.2,22.1,3.9,28.1,1.9,3.1,2.8,7.2,10.8,8.2,8,1.6,21.7,66.2,68.7,63.6,80.3,76.1,84,66.7,35.2,38
48201241500,"Houston, TX",6849,48201241500,20,23.7,36,38.9,40.7,16.3,9.7,30,3.4,30,2.9,5.8,4.5,10.9,17.5,13.9,25.3,3,35.6,66.4,42.7,64.3,71.6,76.7,81,49.3,23.1,24.8
48201250100,"Houston, TX",153,48201250100,17.6,16.2,30,32.2,32.2,26.4,7.8,35.8,8.3,40.8,3.5,7.4,7.9,12.6,11.9,13.6,14.8,3.7,27,71,61.3,77.3,84.3,74.2,83,63.9,32.8,33
48201250402,"Houston, TX",133,48201250402,20.6,12.5,22,26.4,30.2,22,7.3,30.3,7.2,38.5,2.6,5,5.4,9.5,9.9,9.8,7.9,2.5,14.1,70.5,72.9,75.2,84.8,75.8,81,67.5,39.5,40.7
48201250600,"Houston, TX",147,48201250600,17.6,25.4,35,37.3,37.9,26.4,9.2,37.2,6,41.8,3.6,9.6,7.7,14.1,17.2,17.6,22,4.2,22.4,67.9,46.9,75.8,79.2,75.5,78,50.4,23.4,24.9
48201250701,"Houston, TX",215,48201250701,19.2,16.6,27,31.6,31.9,26.1,8.1,34.8,7.8,41.4,3.2,7.2,7.1,11.7,12.3,13.1,13.8,3.3,18.6,70.7,64.1,76.9,84.3,74.1,80,62.8,34.6,36.2
48201250702,"Houston, TX",88,48201250702,21.7,13.2,22,25.2,30.9,19,7.2,26.7,6,35.8,2.3,4.4,4.5,8.6,10.3,9.3,7.6,2.1,14.9,68.2,73,72.5,82.8,76.5,80,70.2,36.7,39.5
48201250800,"Houston, TX",339,48201250800,19.9,11.9,21,27.2,28.9,23.9,7.4,31.9,8,40.5,2.6,5.3,5.6,9.8,9.6,10.1,6.8,2.6,12.2,72,76.1,76.8,87.9,77,82,70.9,36.5,40.6
48201250900,"Houston, TX",8569,48201250900,20.9,10.8,19,25.9,28.3,21.7,7.3,29,7.5,37.7,2.4,4.5,5,8.3,9.2,9,6.8,2.3,10.8,70.9,77.4,75.1,87.1,77.4,84,69.7,38.6,40.2
48201251000,"Houston, TX",2774,48201251000,21.5,12.4,21,26.8,30.1,20.8,7.5,28.7,6.9,36.2,2.5,4.8,5.1,8.7,10.4,9.5,8.8,2.4,14.2,69.4,71.1,74.4,83.1,77,82,67.6,35.9,37.2
48201251100,"Houston, TX",7400,48201251100,20.3,13.7,24,27.8,29.9,23.3,7.6,31.6,7.8,38.4,2.8,5.6,6,9.7,10.6,10.5,9.5,2.8,16.1,70.8,71.6,76.1,84.7,75.3,82,68.3,36.9,38.4
48201251200,"Houston, TX",4705,48201251200,20.6,15,24,29.6,31.3,22.4,7.9,30.5,7,37.5,2.8,5.7,5.8,9.8,11.7,11.2,10.5,2.8,16.2,69.1,68.2,74.3,83.3,76.1,82,65.2,34.1,35.9
48201251300,"Houston, TX",7159,48201251300,21.7,12,20,26.8,29.2,22.5,7.4,29.6,7.6,37.7,2.5,4.8,5.2,8.7,9.7,9.4,6.7,2.4,12.4,70.7,76.5,75,86.4,76.9,83,70.9,38.8,41.5
48201251401,"Houston, TX",2446,48201251401,24.4,13.5,20,27.6,30.9,17.4,7.5,24.2,5.4,32.4,2,3.9,3.6,7.1,10.6,8.7,6.8,1.8,14.4,66.8,74.9,67.7,83.5,77.8,84,67,37.3,39.1
48201251402,"Houston, TX",5924,48201251402,23.4,15.7,24,29.2,31.5,18.6,7.7,26,5.6,33.2,2.3,4.8,4.3,7.9,12,10,9.3,2.2,17.2,66.3,69.8,69.3,80.5,76.6,83,65.5,35.1,36.4
48201251501,"Houston, TX",4759,48201251501,23.6,12.6,20,26.6,30.7,16.5,7.2,23.5,5.2,32,2,3.6,3.4,6.8,10.1,8.3,6.4,1.7,13.1,67,75.9,67.1,84.3,77.4,84,66.6,37.4,40.7
48201251502,"Houston, TX",9419,48201251502,21.7,11.1,19,26.1,28.8,21.1,7.3,28.3,7.1,37.2,2.4,4.4,4.7,8.2,9.4,8.9,6.2,2.2,11.2,70.4,77.6,74.1,86.8,77.7,84,69.8,38.7,41
48201251503,"Houston, TX",2264,48201251503,23.6,13,20,26.8,30.5,18.2,7.5,25.1,5.8,33.6,2.1,4.1,3.9,7.4,10.4,8.8,7.1,1.9,13.6,67.5,74.7,69.6,83.8,77.2,83,66.6,36.6,39.6
48201251600,"Houston, TX",393,48201251600,21.1,16.6,25,29,31.1,25.2,8.1,32.9,8,39.8,2.9,6.7,6.4,10,11.8,12,11.7,3.1,16,70.2,69.4,75.6,84.5,75.1,81,65.1,35.2,37.1
48201251700,"Houston, TX",4122,48201251700,22,20.6,29,31.6,33.6,21.9,8.7,29.6,6.1,36,2.8,6.9,5.8,9.6,14.8,12.9,14.8,2.9,21.7,66.5,62.1,71.3,78,73.6,80,61.1,33,34.4
48201251901,"Houston, TX",122,48201251901,22.1,17.9,26,29.3,32.3,22.4,7.9,30.6,6.6,38.3,2.6,6.3,5.9,9.7,12.6,11.7,11.1,2.8,16.9,67.7,66.8,73.7,81.3,75.4,79,67,34.2,38.1
48201252000,"Houston, TX",9385,48201252000,23.8,13.2,21,28.9,33.3,14.9,7.5,24,4.3,29.6,1.9,3.3,3,7.1,10.4,8.1,7.6,1.7,16.4,67.3,71.5,65.8,82.8,78.7,84,66,34.3,37.6
48201252200,"Houston, TX",383,48201252200,22.8,19,28,33.8,39.1,10.8,9.4,21.6,2.2,22.2,1.9,3.3,1.9,6.4,15.3,9.6,11.8,1.6,31.3,65.4,53.7,53.9,72.1,79.4,82,51.1,21.3,25.9
48201252500,"Houston, TX",169,48201252500,18.6,21.6,38,37.7,36.9,20.3,8.4,32.3,4.8,37.9,3.5,7.5,7.2,14.4,16.9,16.8,29,3.6,42.1,64.9,39.4,70.2,74.5,71.9,80,40.2,21.3,23.8
48201310100,"Houston, TX",5884,48201310100,20.4,17.9,30,36.1,37.3,15.8,8.1,29.1,3.8,31.5,2.9,4.5,4.7,11.2,14,11.9,16.7,2.7,27.9,66.3,49.2,67.1,76.3,78.6,83,50.8,22.6,21.7
48201310200,"Houston, TX",1463,48201310200,26,11,18,26.2,32.3,11.2,7.1,20.8,3.5,25,1.7,2.3,2.4,6,9.4,6.4,7.9,1.4,16.5,65.5,71.3,62.5,79.4,81.4,85,66,31,33.6
48201310300,"Houston, TX",4774,48201310300,20,16.4,32,33.8,34.3,17.1,7.5,28.7,4.5,34.7,3.1,4.8,5.3,12.6,13.5,12.9,14.8,2.7,35.2,65.7,53.6,68.9,77.1,76.4,81,52.9,25.5,25.7
48201310400,"Houston, TX",4084,48201310400,16,21.1,44,40.4,36.4,21.3,8.2,35.6,4.9,40.1,4.6,7.1,8.5,18.9,17.1,19.2,25,4.3,50.6,65.7,37.9,72.4,73.8,73.7,79,43.5,18.7,18.7
48201310500,"Houston, TX",4856,48201310500,18.2,19.9,39,38.6,37,18.7,7.9,32.4,4.3,37.4,3.7,5.8,6.7,16,15.7,16.5,22.3,3.4,46.6,65.1,39.9,69.6,75.1,74.2,80,43.9,18.9,20.2
48201310600,"Houston, TX",6025,48201310600,18.8,17.3,36,36.6,35.6,17.1,7.5,29.5,4.2,35.2,3.4,4.9,5.7,14,14.7,14.5,19.7,2.9,41.4,64.9,45,68.3,75.4,75.9,80,46.8,20.9,21.4
48201310700,"Houston, TX",4167,48201310700,18.7,18.2,36,36.6,35.4,18,7.7,29.7,4.5,35.3,3.4,5.7,5.9,13.4,15,14.8,22,3.1,40.6,64.5,45.8,68.5,75,75,81,47.7,22.2,23.2
48201310800,"Houston, TX",2490,48201310800,18.1,20.2,40,38.7,36.6,17.4,8,29.9,4,35.5,3.6,5.7,6.1,14.5,16.5,16.3,24.1,3.1,48.6,63.6,40.3,66.8,73,74.1,80,44.9,20.4,21.4
48201310900,"Houston, TX",5770,48201310900,16.5,20.4,42,40.6,37.7,19.3,8,33.3,4.3,38.2,4.2,6.3,7.4,17.5,17.1,18.1,28.8,3.8,48.8,64.8,33.3,70.3,73.3,73.8,79,39.2,17.1,17.5
48201311000,"Houston, TX",7111,48201311000,15.8,21.7,45,42,36.6,20.5,8.2,35.1,4.4,39.8,4.6,7.1,8.3,19.2,18,19.8,24.4,4.2,52,64.7,38.1,71.2,72.6,74.6,80,42.5,18.8,18.6
48201311100,"Houston, TX",5886,48201311100,16.6,19.8,42,39.4,36.6,20,8,33.9,4.6,39.2,4.2,6.3,7.7,17.9,16.3,18.1,25.8,3.8,50.5,65.4,36.8,71.1,74.6,73.9,80,41.4,18.3,18.2
48201311200,"Houston, TX",4908,48201311200,17.9,18.1,38,38.9,35.5,18.3,7.6,31.4,4.3,36.6,3.7,5.5,6.4,15.6,15.4,15.7,18.9,3.2,44.3,65.1,45.4,69.7,75.1,75.6,81,47.9,21.7,21.8
48201311300,"Houston, TX",5242,48201311300,17.6,18.6,39,38.1,35,18.7,7.8,31.5,4.4,37.2,3.8,5.8,6.6,15.8,15.8,16.3,19.1,3.3,46.7,65.1,46.4,69.9,74.6,74.9,81,48.3,21.9,22.6
48201311400,"Houston, TX",1496,48201311400,17.3,18.7,39,39.4,36.9,19.5,7.9,34,4.5,37.2,3.9,5.8,6.8,16.3,15,15.9,23.5,3.8,43.7,66.8,44.1,71.9,77,76.7,81,48.1,21,20.6
48201311500,"Houston, TX",7611,48201311500,19.5,18.1,37,35.3,36,16.1,7.7,28,3.8,34.3,3.1,4.8,5.3,13.4,15.1,14.4,19.7,2.7,46.5,63.9,44.5,66.3,73.6,74.8,79,46.9,20.7,22
48201311600,"Houston, TX",4103,48201311600,20.8,23.5,40,38.5,38.8,12.8,8.4,25.2,2.5,29.7,2.8,4.8,4.2,11.2,18.5,15.5,29.2,2.4,54,59.5,34.1,56.5,66,74.5,79,37.6,17.7,18.7
48201311700,"Houston, TX",5593,48201311700,18.5,22,40,39.8,38.1,15.7,8.4,28.9,3.3,32.7,3.4,5.6,5.4,13.3,17.9,16,25.7,3,47.4,62.9,38.2,63.9,69.5,75.4,80,42.8,19.5,20.4
48201311800,"Houston, TX",4542,48201311800,18.2,19.8,40,40,36.4,16.8,7.6,30,3.7,35.2,3.6,5.5,6,14.8,16.6,16.2,22.8,3.1,47.5,63.1,41.7,66.6,72.1,75.6,81,44.4,20.7,21.4
48201311900,"Houston, TX",2448,48201311900,16.6,21.3,42,39.3,36.8,19.8,8.4,33.2,4.3,38.4,4.1,6.8,7.4,17.1,17.5,18.4,25.6,3.8,49.8,64.9,38.7,70.3,73,74.8,79,42.5,19.3,19.7
48201312000,"Houston, TX",4089,48201312000,24.2,11.3,20,23.1,33.8,10.4,8.8,19.2,3,20.6,1.8,2.7,2.6,5.8,12.9,6.6,14,1.7,18.4,67.5,65.4,62.3,69.7,80.4,75,66,27.6,30.3
48201312100,"Houston, TX",2725,48201312100,24.7,14.8,23,23.7,35.6,4.1,9.2,11.7,0.8,11.2,1.3,2.1,0.9,2.2,17.7,6.5,,0.6,24.2,61.8,53.4,22.4,57.1,76.1,71,46.4,,
48201312200,"Houston, TX",2058,48201312200,14.2,24.7,41,45.9,44,26.1,10.8,46.8,5.4,38.6,4.8,8.9,8.6,20,17.2,18.2,33.6,6.4,33.7,75.3,38.7,78.9,79.1,80.7,82,50.9,18.4,20.2
48201312300,"Houston, TX",1962,48201312300,14.7,21.6,37,42.7,41.3,24.8,10.1,44,5.5,38,4.5,7.9,7.8,18.2,15.5,16.4,27.4,5.6,30.1,74.4,45.1,78.5,79.9,80.1,83,54.6,19.8,22.3
48201312400,"Houston, TX",2208,48201312400,13.3,25.4,42,46.9,43.4,27.3,11.1,48.3,5.6,39.6,5.2,9.6,9.3,21.2,17.8,19.2,30.9,6.9,32.4,75.7,41.3,79.7,79.1,80.6,83,52.4,18.6,20.7
48201312500,"Houston, TX",4235,48201312500,23.7,14.1,22,31.5,35.2,13.6,7.1,26.8,3.6,29.4,2.1,3.3,3.5,8.3,10.7,8.5,10.8,2.1,17.9,66.5,63.5,66.7,79.9,80.2,84,59.5,29.4,31.2
48201312600,"Houston, TX",5871,48201312600,22.2,11.5,20,27.6,31.4,15.3,7.3,26,4.8,30.2,2.2,3.3,3.7,7.9,9.8,7.9,7.6,2.1,15.9,68,72.2,70.1,81.1,80.4,84,68.2,34.7,35.9
48201312700,"Houston, TX",1955,48201312700,16.1,15.7,29,39.6,39.4,22.5,9.3,42.1,5.6,35.3,3.7,5.3,6,15.1,12,11.9,14.5,4.3,20.3,77.3,60.8,78.5,84.5,82.8,86,64.6,25.2,28.7
48201312800,"Houston, TX",2332,48201312800,14.6,23.5,39,44.5,44.1,17.8,12.3,36,3.2,28.6,4,7,5.5,13.6,21.6,15.5,35.5,4.5,29.9,73.7,36.3,66.6,68.4,82.5,83,47.7,16.9,16.9
48201312900,"Houston, TX",3941,48201312900,17,15,29,36.3,39.3,20.1,10.2,36.9,5.1,31,3.5,5,5.4,13,13.4,11.2,19,4,21,76.7,56.6,75.3,79.3,82.1,84,62.1,23.3,25.8
48201313000,"Houston, TX",2349,48201313000,15.8,18.3,32,41.3,39.8,23.3,9.8,42.4,5.4,35.5,3.9,6.1,6.3,15.8,13.6,13.5,16.9,4.7,22.4,76.2,57.5,78.1,82.8,82.3,86,61.6,24,27.1
48201313100,"Houston, TX",3356,48201313100,22.1,9.6,19,23.8,30.1,15.2,6.8,24.4,5.6,29.6,2.2,3,3.9,7,8.9,7.1,7.8,2,13.9,68,71.9,70.8,80.7,78.1,82,68.1,35.6,34.2
48201313200,"Houston, TX",3798,48201313200,14.6,14.4,30,38.8,38.4,24.8,9.4,43.9,6.5,37.2,4.2,5.8,7,16.5,11.8,12.5,16.3,4.9,20,78.1,59,81,85,81.9,85,63.5,24.9,27.3
48201313300,"Houston, TX",2654,48201313300,14.6,17.1,33,40.9,39.4,26.2,10,45.6,6.6,37.8,4.4,6.7,7.5,17.7,13,14,18.3,5.4,24.6,78.3,56.4,80.8,84.4,81.1,85,64.7,24.1,27.5
48201313400,"Houston, TX",2935,48201313400,15,20,36,42.9,41,24.2,10.3,43,5.5,36.6,4.3,7.1,7.1,17.5,15.1,15.2,22.6,5.2,29.1,75.4,50.1,77.9,80.7,80.2,84,58.4,21.6,25.2
48201313500,"Houston, TX",2501,48201313500,14.1,22.5,40,45,42.9,26.4,10.6,46.4,5.7,38.6,4.8,8.3,8.2,19.7,16.1,17,29.2,6.1,32.1,76.2,42.2,79.4,80.3,79.1,83,55,19.4,22.6
48201313600,"Houston, TX",4831,48201313600,14,23.5,42,45.3,42.7,25.8,10.6,45.4,5.5,38.5,4.9,8.6,8.5,19.8,17.2,17.9,32.7,6.2,35.2,74.8,39.1,78.5,78.3,79,82,51.7,18.4,20.6
48201313700,"Houston, TX",2457,48201313700,14.4,18.8,35,41.2,42,27.4,10.1,47.6,6.8,38.6,4.4,7.2,7.7,18.3,13,14.5,26,5.7,26.7,79.2,47.1,81.1,84.6,79.6,84,59.2,21,24.3
48201313800,"Houston, TX",4774,48201313800,14,24.7,40,46,44.5,24.6,11.5,44.3,5,35.6,4.7,8.4,7.6,18.1,18.2,17.4,32.7,6,32,75.6,39,76.3,77.3,80.7,83,52.1,18.1,19.5
48201313900,"Houston, TX",4495,48201313900,22.5,13.3,22,26.5,34.7,10.2,8,19.4,2.6,22.2,1.7,2.6,2.1,5.6,12,7.2,9,1.4,18.1,65.3,65.8,57.7,73.5,81.3,81,62.5,30.4,31.7
48201314001,"Houston, TX",2759,48201314001,21.8,8.7,17,21,32.2,10.7,6.6,19.2,3.6,24.5,1.7,2,2.4,5.5,8.5,5.7,6.9,1.4,13.5,66.1,71.2,64.4,78.7,79.5,81,66.2,34.8,35.2
48201314002,"Houston, TX",7544,48201314002,21.2,11.2,20,21.6,35.1,8.6,6.5,17.5,2.5,21.7,1.6,2,1.9,5,9.9,6,9.1,1.2,17.2,64.2,63.3,55.9,74.4,80.3,79,60.4,30.2,29.6
48201314300,"Houston, TX",3962,48201314300,19.5,17.1,28,37.4,41.2,15.7,9.5,31.6,3.5,27.7,2.5,3.9,3.4,10,13.2,10,14.5,2.6,22.1,73.2,56.9,68.2,79.6,82.7,84,59.7,24.5,28.3
48201314400,"Houston, TX",3093,48201314400,22,8,17,18.9,30.6,8.3,6.1,15.5,2.9,22,1.4,1.6,1.8,4.3,8.4,5,5.1,1,13.1,63.7,73.2,57.6,76.7,80,81,65.8,34.9,35.3
48201320100,"Houston, TX",2876,48201320100,18.7,20,39,37.7,36.8,16.7,8,29.2,3.8,34.4,3.3,5.4,5.6,13.8,16.3,15.4,21.6,3,46.7,63.8,41.6,66.5,72.5,75,80,45.9,20.2,21.5
48201320200,"Houston, TX",6662,48201320200,17.1,20.6,40,36.2,37.9,17.6,7.8,30.7,4,36,3.5,5.9,6.2,14.9,16.3,16.1,24.8,3.3,44.2,64.6,40.2,68.8,73,73.2,77,43,20.4,21.2
48201320500,"Houston, TX",4618,48201320500,20.2,17.9,35,34.7,35.9,16.4,7.8,27,4,33.6,2.9,4.9,5,12.1,14.9,13.9,22.6,2.6,44.4,64,44.5,65.5,74.7,74.2,80,46,22.7,23.5
48201320601,"Houston, TX",2638,48201320601,20.4,17.3,34,35.6,35.1,15.3,7.5,26.3,3.7,32.4,2.9,4.5,4.7,11.6,14.6,13.3,18.5,2.4,42,63.5,49.8,64.3,74.7,76.2,82,50,24,25.2
48201320602,"Houston, TX",4537,48201320602,17.7,20.6,40,38.9,36.7,19.3,8.3,32.2,4.3,37.2,3.8,6.4,6.7,15.9,16.8,17.2,23.8,3.6,48.5,64.8,42.3,69.7,73.6,74.7,80,46.5,20.8,22
48201320700,"Houston, TX",3849,48201320700,17.3,17.2,34,34.3,35.8,18.6,7.8,30.6,4.8,35.4,3.4,5.7,6.2,13.3,14.3,14,20.4,3.3,36.9,66.7,49.1,71.1,76.4,75,80,51.9,25.5,25.7
48201320900,"Houston, TX",7394,48201320900,18.7,19.1,36,37.3,36.6,17.7,8.1,30.1,4.3,34.3,3.3,5.5,5.7,13.1,15.5,14.4,21.2,3,40.2,65.6,46.6,68.1,74.8,75.7,81,49.4,24.2,24.7
48201321000,"Houston, TX",7508,48201321000,17.6,20.3,39,38,36.4,20.1,8.2,32.5,4.9,37,3.7,6.8,7,14.7,16.1,16.3,25.1,3.6,43.1,65.7,43.2,70.5,75,73.4,80,47.5,23.4,23.8
48201321100,"Houston, TX",7397,48201321100,21,16.8,30,33.2,35.6,14.6,7.6,25.3,3.7,30.3,2.5,4.1,4,9.7,13.6,11.2,14.9,2.2,33.1,64.9,55.3,64.1,76,75.8,82,54.6,27.2,29.5
48201321200,"Houston, TX",2631,48201321200,17.5,23.4,42,41.3,38.4,16.6,8.5,29.2,3.5,33.4,3.6,6.5,5.9,13.5,19.3,17.3,31.9,3.2,48.4,62.1,34.5,64,68.4,73.2,80,40.9,20.6,20.2
48201321300,"Houston, TX",5546,48201321300,20.1,19.8,36,36.3,36.8,15.6,8.2,27,3.7,31.5,2.9,5.3,4.9,11.1,16.2,13.9,24.8,2.7,43.4,63.5,43.9,63.8,71.5,74.5,80,47.6,24.6,24.2
48201321700,"Houston, TX",3049,48201321700,19.8,14.7,31,31.5,32.7,20.1,7.3,30.1,6.1,36.1,3.1,5.4,6.2,11.8,12.1,12.6,16.9,3,35,67.8,57.4,72,80.3,74.2,81,56.2,29.5,29.8
48201321800,"Houston, TX",4108,48201321800,18,20,40,38.2,36.3,18.9,8,31.3,4.4,36.7,3.6,6.2,6.5,14.9,16.4,16.5,24.7,3.3,46.9,64.7,41.8,69.2,73.9,74.2,80,45.3,21.4,21.9
48201324000,"Houston, TX",243,48201324000,20.1,14.9,28,29.2,33.6,17.4,6.9,27.7,4.9,34.6,2.7,4.4,4.9,10.9,11.6,11,10.5,2.4,27.4,67.2,62.6,70.1,80,77.1,80,60.5,28,28.8
48201324200,"Houston, TX",1647,48201324200,16.1,22,44,41.2,36.9,20,8.2,34.1,4.3,38.9,4.4,7,7.9,18.2,18.1,19.4,26.4,4.1,51.8,64.4,36.6,70.4,71.8,74.7,79,41.2,18,17.4
48201330100,"Houston, TX",8313,48201330100,18.9,17.7,33,37.1,38.1,18.2,8.9,32.7,4.2,33,3,4.9,4.8,13.1,13.8,12.7,18,3.2,35.3,70,53.5,71.6,78.8,79.2,82,57.4,23,27.1
48201330200,"Houston, TX",4243,48201330200,17.2,19.2,35,39.3,39.8,20.7,9.3,36.2,4.8,35,3.6,6.1,6,15.1,14.8,14.4,27.2,4.1,35.7,70.7,43,74.5,78.2,79.6,82,52.8,19.6,21.8
48201330301,"Houston, TX",7169,48201330301,20.9,17.7,32,35.1,37.9,13.9,8.2,25.7,3.1,29,2.4,3.7,3.3,10,13.9,11.6,16.6,2.1,37.2,65.7,52.1,62.7,76.7,77.7,82,51,22.7,25.3
48201330302,"Houston, TX",5527,48201330302,17.8,18.2,34,37.7,37.4,20.7,9.1,35.4,5,35.6,3.5,5.9,5.9,14.8,14.2,14.1,19.2,3.8,36.2,70.7,53.2,74.1,79.2,78.4,82,58.2,23.8,27.3
48201330303,"Houston, TX",4061,48201330303,17.7,20.5,35,40.2,39.1,18.5,9.5,33.9,4,33,3.3,5.8,5.3,13.5,15.9,14.3,19.3,3.5,34.4,69.4,49.4,70.5,76.6,79.3,83,53.8,23.1,25.1
48201330400,"Houston, TX",4663,48201330400,17.2,20.4,37,40.3,39.8,20.5,9.4,36,4.6,35.3,3.6,6.3,5.9,15.2,15.6,15.1,24,3.9,37.1,70.2,44.5,73,77.5,78.5,82,52.8,21.1,23.2
48201330500,"Houston, TX",4121,48201330500,16.4,21.8,40,41.9,39.8,22.1,9.5,38.3,4.8,37.1,4.1,7.3,7.1,17.2,16.6,16.8,28.1,4.7,40.5,69.9,41.6,74.6,76.4,78.1,82,51.5,19.5,21.8
48201330600,"Houston, TX",6424,48201330600,15.7,21.2,38,42.1,40.2,23,9.9,40.1,5.1,36.9,4.1,7.1,6.8,16.9,15.8,16,21.7,4.7,34.4,72.6,48.1,75.8,79,79.4,83,56.7,21.9,25.1
48201330700,"Houston, TX",5431,48201330700,17.4,21.1,38,41.2,39.4,18.5,9.1,33.7,3.8,34.1,3.6,6,5.7,14.8,16.6,15.5,26.2,3.7,40.8,67.6,41.4,70.4,74.5,78.7,82,49.4,19.7,21.8
48201330800,"Houston, TX",2530,48201330800,20.3,16.8,29,36,38.2,16.2,8.4,29.6,3.9,30.7,2.6,4.2,4,10.6,12.9,11,14.2,2.5,28.5,69,56.2,67.8,79.9,78.9,84,57.5,26.1,28.9
48201330900,"Houston, TX",7886,48201330900,18.2,19.7,33,39.4,39.7,16.5,9.2,31.3,3.6,30.2,3,4.9,4.3,11.5,15.3,12.6,18.9,3,29.9,68.9,50.1,67.5,76.5,79.8,84,54.7,23.5,26.1
48201331100,"Houston, TX",3843,48201331100,14.3,24.3,40,45.1,43.3,25.8,11.4,45.7,5.4,37.1,4.6,8.5,7.9,18.7,17.3,17.5,27.8,6,32.1,76.2,44.5,77.9,79.3,80.1,83,54.7,20.1,22.3
48201331200,"Houston, TX",3473,48201331200,12.9,23.4,41,46.7,44.1,28.4,11.2,49.2,6.1,39.1,5.2,9.1,8.7,20.7,16.9,18,30.7,6.8,29.1,78,41.4,80.5,81.1,80.5,83,54.5,19.3,20.9
48201331300,"Houston, TX",4647,48201331300,12.8,20.1,38,44.4,42.3,29.6,10.5,51.1,7,40.3,5.3,8.5,9.3,21.2,14.5,16.7,27,7,27.3,79.7,46.3,82.5,83.9,80.5,84,57.4,20.5,23.3
48201331400,"Houston, TX",2520,48201331400,10.2,33.3,52,53,47.9,29.7,13.5,51,5.4,40,6.6,13.4,11,24.2,24.7,24.7,50.5,9.2,39.5,76.5,24.6,78.7,72.6,79.5,81,43.6,13.8,14.9
48201331500,"Houston, TX",7145,48201331500,14.6,17.6,33,40.6,40,26.2,9.9,45.8,6.6,37.8,4.3,6.7,7.3,17.6,12.8,13.8,18.7,5.3,24.9,78.4,55.9,80.9,84.3,80,84,64.6,23.8,28.2
48201331601,"Houston, TX",6458,48201331601,14.6,19.3,34,43.3,42.6,24.8,10.4,44.9,5.5,36.6,4,6.7,6.6,17.2,14.1,14.1,22.1,5,24.2,78.1,49.9,79.3,83.5,81.9,84,59.8,21.5,25.7
48201331602,"Houston, TX",2340,48201331602,14.4,27.3,41,47,45.5,23,11.8,42.5,4.2,35.1,4.2,8.5,6.7,17.2,19.5,18.1,33.1,5.3,33.9,73.8,36.6,74.5,76.2,80,82,48.6,18.1,20.5
48201331700,"Houston, TX",3971,48201331700,12.6,22.6,40,45.3,42.7,29,11.2,49.7,6.5,40.2,5.3,9.4,9.5,21.5,16.2,18,29,7.1,31.1,78.3,43.3,81.4,81.5,79.8,83,57.4,20.1,22.5
48201331800,"Houston, TX",3682,48201331800,13.3,25.4,43,47.9,44.3,27.4,11.2,48.5,5.6,38.8,5.2,9.4,9,20.9,18,18.9,32,6.9,32.7,76.5,39.9,79.3,79.2,79.9,83,52.9,18.5,21.2
48201331900,"Houston, TX",3364,48201331900,13.3,23.1,40,44.6,43.3,29.4,11.2,50.1,6.6,40.1,5.1,9.3,9.1,21,15.9,18,29,6.9,31.4,78.5,43.1,81.2,82.1,79.5,83,56.6,19.4,22.5
48201332000,"Houston, TX",5593,48201332000,13.2,24.7,42,46,43.7,27.2,11.3,47,5.7,39.1,5.2,9.5,9,20.8,17.9,18.9,35.2,6.8,35.3,75.8,36.7,79.3,78.4,78.6,82,51.5,17.6,20.2
48201332100,"Houston, TX",3037,48201332100,14.9,25.1,44,44.8,42,24.3,10.5,42.3,5,38.3,4.8,8.9,8.3,19.4,18.4,19.2,35.4,6,42.7,71.2,36.2,76.4,75.1,78.7,81,48.8,17.4,19.6
48201332200,"Houston, TX",4985,48201332200,15.4,23,40,43.2,42.2,24.8,10.4,42.9,5.3,38.2,4.5,8.1,7.7,18.7,16.5,17.4,32,5.6,38,73.2,39.2,77.3,78.4,78.4,81,52.2,18.1,21.3
48201332300,"Houston, TX",2918,48201332300,14.7,21.2,38,42.6,41.7,26.5,10.6,45.8,6,38.7,4.5,8,7.8,19,15.1,16.3,25.4,5.7,32,76.6,46.8,79.7,81.6,79.3,82,58.2,20.2,24.6
48201332400,"Houston, TX",4271,48201332400,13.4,22.3,40,45,42.3,29.5,10.8,50.1,6.6,40.9,5.1,9.2,9.1,21.5,15.5,17.7,27,6.8,31.1,78.2,45.1,81.7,82.5,80.1,82,58.6,20.2,23.6
48201332500,"Houston, TX",3257,48201332500,14.3,21.3,40,44.1,39.5,26,9.4,44.4,5.7,40.3,4.8,8.3,8.8,20.1,15.9,17.7,23.5,5.7,34.9,73.5,46.9,79.3,80,79.7,83,55.7,21.8,23.8
48201332600,"Houston, TX",6605,48201332600,16.3,18.8,37,40.5,39,21.9,8.7,37.7,5.1,37.5,4,6.6,7.1,17,14.9,15.5,28.8,4.4,37.4,70.4,40.7,75.7,78.3,78.3,82,50,19.4,21.1
48201332700,"Houston, TX",2728,48201332700,17.5,19.6,40,38.6,37.1,19.1,8,32.1,4.4,37.3,3.8,6.2,6.9,16,16.3,16.8,28.1,3.5,47.6,65.1,36.9,70,74.1,75,80,42.1,18.9,19.1
48201332800,"Houston, TX",4617,48201332800,17.2,23.6,44,41.8,38.2,18.2,8.7,32.3,3.7,35.7,4,6.9,6.9,16,19,18.5,30.6,3.9,51.6,63.2,36.1,67.4,69.3,75,80,42.3,18.6,18.6
48201332900,"Houston, TX",5049,48201332900,17.4,21.4,42,39.1,37.3,19.2,8.4,32.2,4.4,36.9,3.9,6.7,7,15.8,17.4,17.7,29.9,3.8,49.5,64.3,37.4,69.2,72.2,74.5,79,42.2,19.5,19.4
48201333000,"Houston, TX",3315,48201333000,19.4,17.3,35,35.1,35.3,17.5,7.7,29,4.4,35.1,3.1,5.1,5.5,13.1,14.3,14,19.1,2.8,42.1,65.3,48.4,68.3,76.2,75.2,80,49.6,23.5,24.7
48201333100,"Houston, TX",3663,48201333100,16.1,19.3,36,32.1,39.5,18.2,7.8,32.4,4.3,35.9,3.2,5.5,5.8,14.2,13.9,13.9,23.2,3.4,35.7,68.1,43.8,72.5,76.6,75.1,76,48,21.7,23.3
48201333201,"Houston, TX",4998,48201333201,18.3,21.5,39,38.8,38.3,17.6,8.8,31.1,3.8,33.8,3.4,6,5.7,13.8,17,15.7,26.4,3.4,45.1,65.2,41.3,67.6,72.2,76.4,80,46.2,21.6,22.9
48201333202,"Houston, TX",5674,48201333202,19.3,20.1,36,37.6,38.2,16.8,8.9,30.3,3.8,31.7,3,5.3,4.9,12.1,15.8,13.6,21.7,3.1,39.5,66.9,48.1,67.5,74,77.5,81,52.5,22.9,26.2
48201333300,"Houston, TX",9372,48201333300,18.2,24.2,40,40,39.3,15.7,9.2,29.1,3.1,31.6,3.2,5.9,5,12.5,18.9,16.1,26.1,3,46.5,63.6,38.7,62.7,68.9,75,80,43.8,20.7,22.1
48201333500,"Houston, TX",6433,48201333500,19.3,20.5,37,37.2,38.1,17,8.7,29.9,3.9,32.8,3.2,5.6,5.3,12.7,16.1,14.6,25.3,3.1,43.2,65.3,42.5,67,73,76,80,47.4,21.3,22.9
48201333600,"Houston, TX",3156,48201333600,18.9,16.8,32,34.5,33.4,20.5,7.9,31.9,5.5,36.7,3.2,6,6.2,12.7,13.4,13.6,14.3,3.2,31.6,67.9,59.9,72.4,79.9,76.3,82,58.7,29.2,30.6
48201333700,"Houston, TX",3156,48201333700,17.8,21.1,39,37.8,37.6,19.1,8.3,31.9,4.3,36.6,3.5,6.3,6.3,14.7,16.2,16.2,23.9,3.4,43.1,65.4,42.4,69.6,75.2,74.6,79,46.2,22,22.5
48201333800,"Houston, TX",9228,48201333800,19.3,18.1,34,36.1,37,17.6,8.2,30.1,4.2,33.7,3.1,5.2,5.2,12.7,14.4,13.5,19.8,3,38.5,66.6,49,69.2,76.7,76.7,81,52.5,23.7,26.2
48201333901,"Houston, TX",8311,48201333901,20.9,15.6,29,30.1,36.6,12.7,7.2,23.6,3.2,28.8,2.2,3.2,3.1,9.1,12.1,9.9,12.5,1.8,32.7,65.4,57.6,62.7,77.4,76,80,53.9,26.8,29.2
48201333902,"Houston, TX",8217,48201333902,20.2,17.9,32,33.9,36.4,15.4,8.2,26.8,3.8,30.9,2.6,4.5,4.2,10.4,14.3,12,15.9,2.4,33.5,65.9,53.6,65.5,75.6,76.1,81,53.4,26.7,28.5
48201334001,"Houston, TX",3178,48201334001,19.1,19.4,33,35.5,38.1,17.7,8.9,29.6,4.3,32,2.9,5.4,4.8,11.2,15.1,12.9,18.8,2.9,32.9,67.6,50.8,68.2,75.7,76.1,82,55.2,26.3,27.4
48201334002,"Houston, TX",2089,48201334002,24.7,14.2,23,28.7,34.6,12,7.7,21.1,3.4,25,1.8,3,2.6,6.3,11.7,7.9,10.5,1.6,22.9,65.2,64,60,76.4,78,82,62.8,33.1,35.1
48201334003,"Houston, TX",5928,48201334003,19.8,15.9,29,31.1,34.1,19.1,7.9,29.7,5.5,34.6,2.8,5.2,5.3,10.9,12.5,11.6,13.6,2.8,28.8,68.6,60.9,71.6,79.7,75,81,60.7,31.2,33.1
48201334100,"Houston, TX",9914,48201334100,19.2,15.3,27,33.3,37.6,15.9,9.1,29.6,4,29.1,2.6,4,3.8,10.2,12.6,9.9,15.5,2.7,24.3,71.1,59,70.1,78.8,81,83,62.7,24.9,29.5
48201340100,"Houston, TX",4618,48201340100,22.1,17.9,28,31.4,35.4,13.9,8.2,23.7,3.4,28.4,2.2,4.1,3.4,8.1,14,10.5,12.1,2,26.9,64.6,60.4,62,74.9,76.8,82,57.4,29.9,31.5
48201340201,"Houston, TX",1653,48201340201,18.8,11.4,22,23.7,31.4,18.6,6.7,27.2,6.3,35.1,2.4,3.9,4.5,8.8,9.2,8.9,7.7,2.3,14.6,69.9,73.3,73.3,85.3,76.9,81,64.3,35.8,36.2
48201340202,"Houston, TX",4577,48201340202,19,10.8,21,23.7,31.2,17.2,6.6,26.3,5.5,35.4,2.2,3.5,4,8.9,9,8.5,6.4,2,12.9,69.9,74.9,72.7,86,76.9,81,63.9,36.3,38.9
48201340301,"Houston, TX",4278,48201340301,18.6,8.9,18,23.2,28.5,20.1,6.7,28.7,7,38.5,2.3,3.8,4.5,9,8,8.2,5.2,2.1,10.2,72.3,79,76.2,88.7,78.1,82,68.7,39.5,42.1
48201340302,"Houston, TX",6814,48201340302,19.6,10.6,20,25.4,28.8,21.1,7.1,29.5,7.3,38.1,2.5,4.4,5.1,9.1,9.1,9,6.3,2.4,11.9,71.2,76.6,75.8,86.9,77.6,83,68.8,38.2,40.7
48201340400,"Houston, TX",1358,48201340400,17.9,8.5,18,24.3,27.3,23.8,6.8,32.4,8.8,41.4,2.7,4.3,5.6,9.7,7.8,8.6,5,2.5,8.9,74.5,80,79,90.4,77.8,83,71.6,39.9,42.7
48201340500,"Houston, TX",6367,48201340500,20.9,15.9,26,29.7,33.1,19.6,7.7,28.6,6,34.4,2.7,5.4,5.5,9.5,12.4,11,14.6,2.7,22.6,67.3,60.3,71.6,78.7,74.6,81,61.1,31.9,32.8
48201340600,"Houston, TX",2511,48201340600,19.1,10.9,21,26.1,28,24.3,7.1,32.7,8.6,40.3,2.8,5.1,6,9.9,9,9.6,6.8,2.7,12.5,72.9,76.7,78.4,87.5,76.4,83,71.4,39,41.7
48201340700,"Houston, TX",7167,48201340700,19.8,16,26,29,34.4,19.9,7.6,29.2,5.8,35.7,2.7,5.3,5.2,10.1,12,11.2,12.5,2.7,20.1,68.1,62.7,72.3,81.2,74.8,80,60.8,32.3,34
48201340800,"Houston, TX",5734,48201340800,22,12.4,21,25.6,31,17.6,7.2,25.6,5.5,33.9,2.2,3.8,3.9,8.1,10,8.7,6.1,2,13.9,68.5,75.8,70.5,84.3,77.5,82,66.2,37.5,39.6
48201340900,"Houston, TX",4216,48201340900,23.5,16.9,26,29.7,35.4,13.8,8,23,3.6,28.2,2.1,3.9,3.3,7.6,13.5,9.7,12.7,1.9,23.4,64.3,59.9,62.5,74.8,76.7,80,57.8,29.1,32.5
48201341000,"Houston, TX",5759,48201341000,24.7,14.6,22,28.1,33.3,15,7.7,23.2,4.4,29.3,2,3.7,3.3,7.1,11.6,8.7,9.4,1.8,18.8,65.7,67.4,65.3,79,77.1,82,63.8,33.1,36.4
48201341301,"Houston, TX",4147,48201341301,17.8,16.4,28,30.4,33.9,20.7,7.9,30.3,5.9,35.8,3.1,6.2,6.1,10.7,13.4,12.2,15.8,3.1,20.9,67.7,57.1,73.6,77.3,76.1,79,58.9,30,30.7
48201341302,"Houston, TX",2412,48201341302,23.6,17,25,27.1,34.5,13.2,8,21.4,3.6,27.3,2,3.9,3.1,6.7,13.2,9.3,12.6,1.8,23.2,63.4,60.9,61.4,73.9,76.4,80,58.7,31.2,32.6
48201350100,"Houston, TX",807,48201350100,22,15.5,24,31.9,38.9,11.2,9.9,22.7,2.7,21.3,1.7,2.8,1.8,6.1,13,7.8,11.7,1.6,23.2,70.8,62.8,58.6,77.1,81.2,84,61.7,27.9,34.8
48201350200,"Houston, TX",2775,48201350200,20,14.9,28,31.3,33.4,19.6,7.6,29.9,5.7,35.3,2.9,5.1,5.5,11.3,12.2,11.5,13.1,2.8,28,68.6,60.9,72.6,80.4,76.3,81,61.3,30.2,31.7
48201350300,"Houston, TX",1230,48201350300,20.1,14.8,26,29.8,32.1,21,7.8,30.9,6.4,36.5,2.8,5.3,5.5,10.9,11.5,11.2,10.5,2.8,23.4,70,67.8,74.2,82.3,76.1,82,66.1,34,36.6
48201350400,"Houston, TX",1613,48201350400,19.6,16.9,30,32.4,33.6,21.1,8,31.4,6.1,36.5,3.1,6.1,6.3,11.8,13.1,12.8,15.3,3.1,30.3,68.2,58.8,73,79.5,73.4,81,61.2,30.3,32.3
48201350500,"Houston, TX",6467,48201350500,19.2,18.5,32,33.1,37,16.9,7.9,28.6,4.3,33.1,2.9,5,4.9,11.4,14.2,12.6,17.5,2.8,32.5,66.2,51.5,68.3,76.1,75.8,80,53.4,24.8,25.9
48201350601,"Houston, TX",591,48201350601,28.6,14.8,21,26,32.9,9.2,7.6,16.2,2.5,21.6,1.4,2.5,1.7,4.4,12.2,6.9,7.7,1.1,20.5,61.1,67.8,50.8,73,77.6,82,62,34.8,37.9
48201410100,"Houston, TX",3793,48201410100,21.8,14.1,24,30.7,34.6,14,7.9,25.5,3.9,28.3,2.4,3.5,3.6,8.4,11.8,8.9,12.5,2.2,19.3,66.1,60.1,66.6,77,79.8,84,60.8,26.5,28.5
48201410200,"Houston, TX",4202,48201410200,28.8,9.8,16,22.5,29,10.1,6.8,16.3,3.5,23.9,1.4,2.1,2.1,4.2,9.2,5.6,5.1,1,13.1,62.3,75.5,57.4,78.2,79.3,84,68.2,36.8,39.4
48201410300,"Houston, TX",2621,48201410300,23.8,9.7,17,25,29.3,15.2,6.9,22.5,5.2,30.8,1.9,3,3.3,6.2,9,7.1,5.6,1.6,11.9,66.5,75.4,67.9,82.9,79.3,85,69,37.4,39.4
48201410401,"Houston, TX",3807,48201410401,24.4,9.7,17,24.5,27.8,16.1,6.7,23.1,5.7,32,1.9,3.1,3.4,6.4,8.6,7,4.6,1.6,12,67.3,79.2,69.2,84.4,78.9,86,71.3,40.3,41.8
48201410402,"Houston, TX",2556,48201410402,25,10.6,18,25.8,30.2,14.5,6.5,22.5,4.8,30.8,1.9,3,3.3,6.5,9,7.3,6.6,1.6,14.3,65.6,72.9,66.3,82.6,78.8,84,66.5,36.2,37.3
48201410500,"Houston, TX",4209,48201410500,26.9,11.6,18,25.4,29.9,13.5,6.6,21.1,4.4,29.3,1.7,2.9,3.1,5.8,9.4,7.1,6,1.5,14.2,64.2,74.6,63.4,81.3,78.8,84,67.4,37.5,40.1
48201410600,"Houston, TX",3206,48201410600,30.6,9.5,15,21.9,28.4,9.2,6.6,15.6,3.3,22.4,1.3,1.9,2,3.8,9,5.2,5.1,1,12.3,61.4,76.7,55.6,76.6,79.6,84,69.7,39.4,40.5
48201410701,"Houston, TX",3640,48201410701,25.3,11,18,25.9,29.5,14.8,6.9,22.9,4.9,30.5,1.9,3.2,3.6,6.4,9.5,7.4,6.5,1.7,13.6,65.6,73.7,66.7,81.3,78.5,85,67.5,36.8,38.5
48201410702,"Houston, TX",2622,48201410702,24.7,12.4,20,25.9,31.5,13.3,7.1,22.2,4,28.6,2,3.4,3.7,6.7,11,7.9,10.4,1.8,17,64.2,65.7,65.7,76.2,77.9,81,62.2,33,33.8
48201410800,"Houston, TX",3818,48201410800,26.5,10.3,17,25,29.8,12.5,6.7,19.6,4.2,27.4,1.7,2.7,2.8,5.4,9.4,6.6,6.9,1.4,14.4,63.7,72.2,62.4,80,78.4,85,66.7,36.2,37.9
48201410900,"Houston, TX",2684,48201410900,26.4,10.5,17,24.5,29.6,13,6.8,20,4.4,27.9,1.7,2.7,2.9,5.4,9.3,6.6,6.1,1.4,13.6,64.4,74.3,63.5,80.8,78.7,85,69.2,37.7,39.1
48201411000,"Houston, TX",4162,48201411000,24.5,9.1,16,23.2,28.3,15.1,6.7,22,5.6,30.1,1.9,2.9,3.4,5.9,8.6,6.6,5.3,1.6,11.4,66.4,76.9,68.8,82.1,78.2,84,71,39.2,40.2
48201411100,"Houston, TX",3450,48201411100,20.1,7.9,17,24,26.6,20.5,6.7,28.3,7.8,37.3,2.4,3.6,4.8,7.8,7.6,7.6,4.6,2.1,9.7,71.6,80.4,76,88.3,79.2,85,73,40.6,42
48201411200,"Houston, TX",1803,48201411200,17.2,9.2,20,25.5,25.5,25.3,7.1,33.7,9.2,42.1,3,5,6.4,10,8.5,9.7,4.7,2.8,9.8,73.9,81.5,79.7,89.3,78.7,84,73.1,40.3,42.7
48201411300,"Houston, TX",3383,48201411300,23.9,9.6,18,23.6,28.8,15.6,6.8,22.9,5.7,30.2,2,3.1,3.7,6.4,8.8,6.9,6,1.7,13.5,67.2,75.2,69.6,82,77.9,84,71.2,38.2,40.3
48201411400,"Houston, TX",2775,48201411400,17.3,8.3,18,23.9,25.2,25.9,6.9,33.8,10.2,41.8,2.9,4.8,6.4,9.4,7.7,9,5.5,2.8,9.1,75,80.9,80.3,90.1,78,84,73.9,40.8,41.5
48201411501,"Houston, TX",5233,48201411501,24.6,9,16,22.9,28.3,13.5,6.8,20.1,4.9,27.5,1.8,2.6,3,5.3,8.9,6.2,4.9,1.4,12.3,65.4,77.1,66,80.3,79,84,71.8,39,40.6
48201411502,"Houston, TX",3916,48201411502,26.2,9.2,16,22.2,28.3,12.4,6.8,18.6,4.5,26.3,1.6,2.4,2.6,4.8,8.7,5.9,4.9,1.3,12.3,64.5,78,63.3,80.4,79.2,85,72.3,40.7,41.4
48201411600,"Houston, TX",2307,48201411600,21.5,9.9,18,25,27.6,20.8,7,28.2,7.6,36.9,2.4,4.1,4.9,7.9,8.5,8.3,5.8,2.2,11.1,70.5,78.5,74.6,87.1,77.9,84,72,39.8,41.7
48201411700,"Houston, TX",2774,48201411700,27.6,9.6,16,22.1,30.5,9.2,6.8,15.4,3.1,21.9,1.3,1.9,1.7,3.8,9.1,5.3,5.7,1,13.6,62.7,73.2,54.9,77.6,78.6,84,67.9,36.4,40.2
48201411800,"Houston, TX",4835,48201411800,21.3,9.3,18,22.3,28.3,18.4,6.7,25.4,7.1,32.7,2.3,3.5,4.4,7,8.4,7.6,6.6,2.1,12.8,69.2,76.4,73.3,84,78.2,83,70.7,38.6,37
48201411900,"Houston, TX",3681,48201411900,22.2,9.1,17,24.5,27.4,18.5,6.8,25.9,6.7,34.6,2.2,3.5,4.4,7.2,8.6,7.6,4.9,2,10.6,68.8,78.7,73.1,84.7,79.1,84,72,40.1,40.7
48201412000,"Houston, TX",2892,48201412000,20.7,8.3,17,24,26.8,19.9,6.8,27.4,7.3,36.7,2.3,3.6,4.5,7.6,8,7.6,4.4,2,9.2,70.6,80.4,75.1,87.3,79.4,85,72.5,40.5,42.2
48201412100,"Houston, TX",2328,48201412100,27.6,14.2,20,18.6,34.9,4.8,7.2,10.6,1.3,14.5,1,1.6,0.8,2.4,12.8,5.3,,0.6,21.7,59.5,64.8,32,64.8,76.5,73,60.9,,
48201412200,"Houston, TX",5355,48201412200,22.6,8.5,16,22.6,27.9,15.8,6.6,22.9,5.7,31.7,2,2.9,3.5,6.4,8.3,6.8,4.6,1.7,10.6,67.8,78.9,70.6,83.6,78.9,84,70.9,39.5,41.2
48201412800,"Houston, TX",53,48201412800,22.1,8.5,16,23.1,28.4,15.3,6,23.8,6.1,32.7,2,2.5,3.5,6.9,7.2,6.4,4.3,1.6,10.6,68.7,80,70.2,87.2,78.5,85,69.6,42.3,44.3
48201412900,"Houston, TX",3892,48201412900,19,10,21,24.1,30.3,18.6,7,28,6.7,33.4,2.6,3.8,4.8,8.6,9,8.3,7.5,2.5,14.8,70.7,73.4,74.8,83.1,78.2,82,68.5,36.6,35.8
48201413000,"Houston, TX",3460,48201413000,21.8,9.3,18,23.3,28.8,16.6,6.8,23.8,6,32.3,2,3.1,3.6,6.8,8.3,7.2,5.1,1.7,12.2,69.1,78.9,70.7,85.7,78.5,84,69.9,39.7,41.3
48201413100,"Houston, TX",3087,48201413100,21,7.6,16,23.3,27.1,18.5,6.6,25.8,7,35.2,2.2,3,3.9,7.1,7.5,7,4.1,1.8,8.6,70.6,81.6,73.6,88.3,79.1,85,71.4,40.5,41.5
48201413201,"Houston, TX",2626,48201413201,22.8,8.1,17,20.5,29.5,12.5,6.5,19.4,5,25.8,1.8,2.3,3,5,8.3,5.8,7.6,1.5,12.8,65.8,72.5,66.2,79.6,78.3,83,67.7,37,33.7
48201413202,"Houston, TX",2878,48201413202,22,9.1,18,21.9,29,14.2,6.8,21.4,5.2,28.4,2,2.8,3.4,6.1,8.9,6.6,6.4,1.7,14,66.8,74.3,69,80,78.2,82,70.4,37.4,38.2
48201413300,"Houston, TX",6897,48201413300,20.2,11.3,21,25.3,30.5,17.3,7.2,26.3,5.8,32.8,2.3,3.8,4.3,8.1,9.6,8.5,7.1,2.2,15.2,69.2,73.7,71.7,82.9,78.2,83,68.2,37,37.1
48201420100,"Houston, TX",3062,48201420100,20.7,16.9,28,32.7,38.3,13.5,8.1,26.4,3.2,28.4,2.3,3.8,3.5,9.4,13,10.2,17.1,2.2,28.3,67,52.2,64.8,76.3,78.7,81,53.2,24.3,27.1
48201420200,"Houston, TX",2547,48201420200,20,15,28,29.3,33.7,18.6,7.5,29,5.4,34.8,2.8,4.8,5.1,10.9,11.8,11.2,13.7,2.7,26.7,68,60.2,72,80.1,76.1,80,58.8,29.5,29.4
48201420300,"Houston, TX",3411,48201420300,21.2,9.4,18,25.7,29.4,18.5,7.3,26.9,6.6,33.1,2.3,3.5,4.3,7.5,8.8,7.7,6.2,2.1,12.3,70.8,76,72.7,85.1,79,85,70.3,38.4,38.6
48201420400,"Houston, TX",3393,48201420400,19.7,12.6,23,27.6,30,21.2,7.4,29.7,7.1,36.5,2.8,4.9,5.4,9.4,10.3,10.1,9,2.7,15.7,69.7,71.4,74.7,84.5,77.1,83,66.6,35.1,35.1
48201420500,"Houston, TX",4041,48201420500,16.5,24.6,44,40.5,41,17.6,8.9,32.5,3.6,34.2,4,6.8,6.6,15.3,19.3,18.1,42,4.2,49.8,63.8,28.8,67,68.1,74.1,78,35.8,16.4,15.3
48201420600,"Houston, TX",2232,48201420600,21,11,21,26.8,30,19,7.1,27.4,6.6,34.1,2.5,4,4.6,8.3,9.4,8.8,8.5,2.3,16.5,69.5,72.1,72.9,84.5,77.6,84,67.7,36.4,36.5
48201420700,"Houston, TX",3139,48201420700,18.7,8.6,19,23.5,27.1,22.4,6.6,30.6,8.6,38.6,2.6,4.1,5.5,8.7,7.8,8.3,6.1,2.5,10.4,73,78.9,77.9,88.6,77.8,83,70.5,40.1,40.6
48201420800,"Houston, TX",2512,48201420800,18.2,8.9,19,22.7,27.6,22,6.6,30.5,8.4,38.7,2.7,4.1,5.6,9.1,7.9,8.5,6.2,2.5,10.8,72.9,78.1,77.9,88,77.6,82,69,39.3,40
48201421101,"Houston, TX",3729,48201421101,21.5,18.5,30,33.4,37.2,11.8,8,22.6,2.7,26.6,2.3,3.8,3.1,8.1,14.9,11.1,18.6,1.9,34.6,62.3,47.6,57.1,71.2,77.2,82,48.6,23.7,25.3
48201421102,"Houston, TX",5544,48201421102,18.9,23.2,39,39.1,39.3,12.2,8,26,2.4,28.7,2.9,4.7,4,10.9,17.9,14.5,24,2.4,46,60.9,37.2,57,66.4,77.1,80,41.3,19.8,19.4
48201421201,"Houston, TX",4399,48201421201,20.7,21.6,36,38,38.3,11.2,8,23.9,2.3,26.9,2.6,4.1,3.5,9.5,17.1,13.2,23.4,2.1,45.3,60.4,39.6,54.3,67.2,77.4,82,42.2,18.6,20.9
48201421202,"Houston, TX",4145,48201421202,18.7,26.6,45,42.7,40.2,13.2,8.4,27.2,2.3,30.4,3.2,5.5,4.6,12.4,20.4,17.5,33,2.7,55.9,58.9,28.7,56.2,63.9,75.2,80,33.2,15.9,15.8
48201421300,"Houston, TX",6635,48201421300,17.4,23.4,40,37.1,40.1,15.1,8,29.2,3.1,32.6,3.2,5.7,5.1,12.9,17.2,15.3,27,3.1,41.8,63,37.5,64.5,69.8,75.1,78,41.9,20.3,21.5
48201421401,"Houston, TX",3626,48201421401,19.3,25.1,43,40.2,40.3,12.3,7.8,26.2,2.3,29.9,3,4.9,4.4,11.8,18.9,15.9,30.9,2.5,53.8,59.1,29.4,56.4,64.4,74.7,79,34.4,16.5,18.2
48201421402,"Houston, TX",3440,48201421402,19.3,25.1,43,42.3,39.9,13,8.1,26.7,2.4,30.7,3.2,5.1,4.5,12.5,19.3,16.9,31.3,2.6,55.2,58.8,29,56.4,65.6,75.2,81,34.4,16.1,16.8
48201421403,"Houston, TX",4363,48201421403,17.6,24.1,44,41.4,38.9,16.1,8.2,30.1,3.2,34.3,3.6,6.2,5.9,14.7,18.9,17.8,28.9,3.3,51.3,61.7,34.4,63.9,68.1,74.7,79,40.2,18.8,19.8
48201421500,"Houston, TX",6484,48201421500,18.9,19.1,34,36,37.7,14.9,7.9,27.7,3.5,30.9,2.8,4.7,4.4,11,14.8,12.7,19.4,2.6,34.9,64.9,47.7,64.5,73.8,76.7,82,50,24.1,25.3
48201421600,"Houston, TX",7014,48201421600,18.2,24.5,42,39.4,39.1,15,8.4,27.9,2.9,32.5,3.3,5.9,5.1,12.8,18.8,16.9,30.4,2.9,49.9,60.9,34.1,61.2,67.9,74.1,80,37.6,18.3,18.9
48201421700,"Houston, TX",4560,48201421700,17.8,12.7,26,28.4,30.6,21.4,7.1,31.3,6.8,37.9,3.1,5.3,6.2,11.1,10.7,11.1,10.9,3,20.7,69.8,67.3,75.9,83.2,75.9,82,63.1,33.7,34.3
48201421800,"Houston, TX",5005,48201421800,19.5,14.4,26,30.1,33.5,18.9,8,29.2,5.7,33.2,2.8,4.8,5.1,9.6,12,10.5,11.8,2.7,19.7,69.5,64.5,71.8,80.1,77,82,61.8,33,32.5
48201421900,"Houston, TX",2690,48201421900,17.7,9.2,20,24.9,26.6,24.7,6.8,33,9.5,40.1,3,4.7,6.4,9.5,8.2,9.2,6.4,2.9,10.9,73.6,78.2,79.2,88.7,77.4,84,71,39.5,39.7
48201422000,"Houston, TX",2539,48201422000,20.4,9.2,18,23.7,27.8,21.2,6.9,28.8,8.2,36.6,2.5,4,5,8.1,8.1,8.1,6.6,2.3,11.7,71.7,77,76,87.4,77.6,84,70.3,38.5,39.4
48201422100,"Houston, TX",5289,48201422100,18.6,15.2,28,31.5,33.5,21.3,7.9,32.2,6.3,36.7,3.1,5.7,6,11.8,12,12.2,14.6,3.2,25.5,69.9,60.5,74.4,81.9,76.1,82,60.1,30.7,31.4
48201422200,"Houston, TX",4421,48201422200,14.9,25.4,40,45.7,44,22.9,11.2,41.1,4.4,35.2,4.2,8,6.6,17,18.7,17.4,30.4,5.1,34.2,72.9,38.8,74.3,76.2,80.3,83,50.9,19.3,21
48201422301,"Houston, TX",7108,48201422301,16.2,24.9,39,41.6,44,18.6,10.4,35.3,3.5,32.4,3.5,6.5,5.1,14.1,18.2,15.8,29.5,3.9,36,69.8,37.6,69.5,73.6,79.3,81,45.4,18.8,20.9
48201422302,"Houston, TX",2350,48201422302,18.1,14.2,27,33.7,37.7,20,8.7,33.4,5.4,33.8,2.9,4.6,4.6,11.6,11.5,10.7,15.4,2.9,21.7,73.7,58,74.6,83.9,79.4,84,59.8,27.8,30.6
48201422401,"Houston, TX",3910,48201422401,15.2,19.1,36,38.1,37.7,24.1,9.4,39.9,6.2,37.5,4.2,7.3,7.7,16.1,14.7,15.3,19.2,4.8,32.9,73.4,52.1,77.2,79.4,78.2,83,58.7,26.1,26.7
48201422402,"Houston, TX",6074,48201422402,19,21,36,35.8,36.2,18.5,8.6,30.2,4.5,34.4,3.3,6.5,5.9,12.4,16,15.1,23.5,3.3,40,64.9,47.1,68.1,73.7,74.4,80,51.9,25.1,26.3
48201422500,"Houston, TX",5647,48201422500,16.9,20,35,36.4,36.8,21.8,8.7,34.4,5.7,36.8,3.7,7.4,7.2,13.4,15.3,15.2,24.7,4,31.5,68.3,46.9,73.4,76.8,74.9,81,51.4,26.6,26.1
48201422600,"Houston, TX",6380,48201422600,17.9,17.3,32,33.5,33.4,22.3,8,33.4,6.5,37.1,3.5,6.7,7,12.5,13.4,13.9,17,3.7,30.4,68.7,58,74.2,79.4,76.2,82,58.2,29.4,28
48201422701,"Houston, TX",5083,48201422701,17.7,20.3,38,37.8,36.7,19.6,8.2,32.2,4.7,36.4,3.6,6.6,6.5,14.2,16,15.9,23.6,3.5,40.5,65.9,44.7,70.2,75.1,74.8,81,48.5,23.1,24
48201422702,"Houston, TX",3347,48201422702,18.3,15.8,32,33.2,33.2,20.6,7.5,31.8,5.8,37.3,3.3,5.8,6.4,13.1,12.9,13.3,14.8,3.2,31.6,68.2,58.6,73.3,80,75.7,81,57,28.6,29.9
48201422800,"Houston, TX",4916,48201422800,17.4,16.7,34,31.6,34.3,20.5,8.6,31.7,6.1,35,3.7,6.7,7.4,12.4,15,14.1,24,3.9,34.4,68.3,49.9,73.1,73.9,75.3,79,51.3,26.5,24.3
48201422900,"Houston, TX",5027,48201422900,17.1,22.1,39,39.2,38.2,19.8,9.1,33.7,4.5,35.3,3.7,7,6.5,14.4,17,16.4,25.7,3.9,40.7,66.9,43.3,70.5,73.9,76.3,81,48.8,23.1,22.6
48201423000,"Houston, TX",4695,48201423000,17.5,23.8,40,41.1,39.5,17.6,9.2,31.7,3.6,33.2,3.5,6.8,5.8,13.4,18.6,16.5,31,3.6,42.3,64.9,37.2,66.8,70.4,76.3,81,44.2,21.4,21.1
48201423100,"Houston, TX",3161,48201423100,18,26.1,42,43.6,41.6,14.5,9.3,29.8,2.5,29.9,3.3,5.9,4.6,12.5,20.1,16.7,35.2,3.1,48.3,62.6,30.9,61,66.6,77.1,81,37.9,16.3,18.2
48201423201,"Houston, TX",3233,48201423201,19.4,14.5,27,31.6,34.6,19.4,8.1,31.2,5.5,34.5,2.7,4.8,4.8,11.1,11.5,10.9,11.7,2.7,25.2,71,64.6,73.3,82.8,77.5,82,64.2,32.6,34
48201423202,"Houston, TX",6989,48201423202,17.5,22,37,40.5,41.1,17.4,9.4,32.6,3.6,31.9,3.3,5.8,5.2,13,17,14.8,28.3,3.5,36.8,67.8,39.8,68,73.7,77.7,81,46.2,20.7,21.1
48201423301,"Houston, TX",3701,48201423301,16.9,14.4,28,32.4,33.6,23.5,8.1,36,7.2,38,3.4,5.9,6.7,12.8,11.4,12.1,13,3.6,22.4,73,62.8,77.4,84.1,77.4,83,63.5,31.6,32.2
48201423302,"Houston, TX",5123,48201423302,15.5,15.9,30,36.5,37.3,23.7,9.3,39.5,6.2,37.2,3.6,6,6.4,14.6,12.6,12.7,14.6,4.1,21.4,75.6,58.4,78.3,83.7,79.9,84,62.2,27.5,29.4
48201423401,"Houston, TX",5153,48201423401,16.7,17.4,30,37.4,39,21.3,9.3,37.5,5.1,35.2,3.3,5.6,5.4,13.9,13.3,12.7,16,3.7,23.3,74,56.3,76,82.4,80.4,83,58.5,25.8,28.1
48201423402,"Houston, TX",4207,48201423402,16.8,14.8,28,32.3,38.5,17.3,8.2,32.9,4.3,33.1,2.7,4,4.1,12.2,11.2,10.4,11,2.8,22.5,73.3,61.3,73.9,83.1,79.4,82,59.7,26.8,31.7
48201423500,"Houston, TX",1927,48201423500,16.2,14.8,28,31.2,34.8,22.9,8.1,36.3,6.5,39.2,3.2,5.8,6.2,13.6,11.2,12.1,12.5,3.4,20.4,73.4,62.4,77.9,85,77.8,81,62.2,29.9,32.1
48201423600,"Houston, TX",2541,48201423600,17.8,16.9,30,36.3,39,18.2,9,33.2,4.2,32.4,2.9,4.7,4.4,12.3,13.2,11.8,15.7,3.1,26.9,71.9,55.5,72.3,80.7,79.4,83,58.3,25.5,28.6
48201430100,"Houston, TX",5749,48201430100,19.1,9.4,20,23.9,27.6,21.8,6.9,29.7,8.4,36.3,2.8,4.4,5.7,8.6,8.6,8.7,7.6,2.7,14.1,71.5,74.8,77.1,85.3,77.4,84,69.6,38,36.3
48201430200,"Houston, TX",1380,48201430200,21.5,10.8,20,25.8,29.3,18.6,6.9,26.2,6.3,34.8,2.3,3.9,4.2,7.9,9.2,8.4,7,2,13.9,68.8,75.1,72.4,84.8,77.4,84,68.7,38.4,40.6
48201430700,"Houston, TX",3284,48201430700,15.3,8.8,22,23,27.4,24.9,6.6,33.8,9.7,40,3.2,4.9,6.8,10.3,8,9.6,7.1,3.2,12.7,74.5,76.3,80.5,88.1,76.3,82,68.2,38,36.7
48201430800,"Houston, TX",4348,48201430800,19.7,8.2,17,22.4,27.3,19.7,6.5,27.2,7.7,36,2.3,3.5,4.6,7.6,7.6,7.5,5.1,2.1,9.9,71.4,80.3,75.2,87.9,77.4,84,71.6,41.4,42
48201430900,"Houston, TX",5770,48201430900,16.5,8.7,20,24,27.2,23.9,6.8,32.1,8.9,40.3,2.9,4.5,5.9,9.7,8,9,6,2.7,10.6,73.8,78.1,79.3,88.9,77.5,83,71.6,39.5,40.8
48201431000,"Houston, TX",5239,48201431000,18.2,10.2,20,25.6,27.9,23.5,7.1,31.8,8.6,39.3,2.9,4.8,6.1,9.6,8.8,9.4,6.9,2.7,12.5,72.4,76,77.9,87.5,77.2,84,70.8,38.6,40
48201431101,"Houston, TX",3303,48201431101,19.9,10.4,21,27.7,31.1,19.1,7.3,28.4,6.7,33.8,2.6,4,4.9,8.6,9.4,8.6,8.4,2.4,15.6,70.5,70.2,73,83.8,77.2,84,68.3,36.9,37.3
48201431102,"Houston, TX",3336,48201431102,19.3,14.8,26,29.3,33.4,18.9,7.8,28.8,5.9,32.6,2.9,5,5.4,9.1,12,10.6,13.6,2.9,21,68.2,61.1,71.3,78.1,76.8,82,61.9,32.2,30.1
48201431201,"Houston, TX",4058,48201431201,20.3,14,26,28,33,16.3,7.5,26,5.3,29.7,2.7,4.3,5,8.1,12,9.7,13.4,2.6,22.5,66.6,61.6,68.2,76,78.2,82,60.4,32.1,28.9
48201431202,"Houston, TX",4592,48201431202,21.1,13.6,23,27.3,31.1,16,7.3,25.1,5,30.8,2.4,4.1,4.3,7.8,11.2,9,8,2.2,19.6,66.5,70,68.2,77.9,77.4,83,68.8,36.5,37.7
48201431301,"Houston, TX",4516,48201431301,24.4,13.1,21,26.9,32.2,13.2,7.4,21.3,4.1,27.2,1.9,3.2,3.1,6.3,11,7.9,9.6,1.6,19.8,64.6,66.6,62.7,77.6,77.6,83,64.6,34.1,35.6
48201431302,"Houston, TX",3929,48201431302,22.4,9.5,17,24.4,28.4,18.5,6.8,25.6,6.8,34.1,2.2,3.5,4.1,7,8.4,7.5,6.1,1.9,11.2,69.2,77.2,72.4,86.1,78.5,85,71.6,39.3,41.4
48201431401,"Houston, TX",2339,48201431401,23.1,14.1,22,27.6,31.8,15.2,7.4,23.1,4.7,29.6,2.2,3.8,3.6,7,11.4,8.8,9.4,1.9,18.9,64.7,66.8,65.8,78,78.5,83,65.6,35.2,35
48201431402,"Houston, TX",3209,48201431402,23.7,9.9,17,23.9,29.6,14.3,7,21.1,4.9,29.2,1.8,2.8,3,5.8,9.1,6.8,5.3,1.5,12.5,66.2,76.4,66.5,82.2,78.6,84,70.3,39.1,41.9
48201431501,"Houston, TX",3711,48201431501,20.3,8.5,18,23.4,27.4,20,6.8,27,7.7,35.2,2.4,3.5,4.5,7.5,8,7.6,5.2,2.1,10.9,70.7,78.5,75.2,86.5,78.5,85,72.3,39.6,39.8
48201431502,"Houston, TX",3471,48201431502,20.9,8.8,17,23.5,26.7,19.8,6.9,26.9,7.4,35.6,2.3,3.7,4.6,7.4,8.2,7.7,5,2.1,10.9,70.1,79.9,74.8,86.1,78.7,85,73.2,40.9,42.6
48201431600,"Houston, TX",3352,48201431600,16.6,7,18,23,24.3,26.1,6.7,34.1,10.9,41.8,3,4.4,6.5,9.3,7,8.4,4.8,2.8,8.7,75.8,81.8,81.3,90.4,78.1,85,75,41.3,41.5
48201431700,"Houston, TX",4591,48201431700,16.6,8.7,20,25,26.2,26.6,6.9,35.4,10.1,42.8,3.1,5,6.9,10.4,7.9,9.4,6,3,10,75.3,78.6,81.1,90,77.6,84,72.9,39.8,40.7
48201431801,"Houston, TX",2967,48201431801,20.9,7.5,16,20.5,27.9,16.8,6.1,24.1,6.8,32.3,2.1,2.9,4,6.4,7.2,6.4,5.2,1.8,11.6,69.3,77.9,73.1,84.7,78.1,83,73.7,41,40.8
48201431802,"Houston, TX",3695,48201431802,22.4,10.5,19,24.3,30.5,15.6,6.7,23.7,5.6,30.8,2.1,3.2,3.9,6.8,9.1,7.6,8.1,1.9,14.7,67,71.3,68.9,82,78,83,64.9,35.4,34.1
48201431900,"Houston, TX",3786,48201431900,24.4,8.3,16,21.4,29,13.6,6.4,20.7,5.4,27.5,1.8,2.4,3.2,5.4,8,5.9,5.8,1.5,13,66.6,76,67.4,81.5,78.7,84,70,39.2,36
48201432001,"Houston, TX",3464,48201432001,22.3,12.9,22,27.3,32.4,14.8,7.1,24.2,4.5,30.6,2.1,3.5,3.7,7.7,10.4,8.5,9.3,1.9,18.7,66.6,67.2,66.6,80.7,77.5,83,62.8,34.7,35.6
48201432002,"Houston, TX",4734,48201432002,23.9,18.3,28,31.9,36.2,11.3,8,21.5,2.7,25.4,2.1,3.7,3,7.2,14.5,10.3,18.4,1.8,33.7,62,50.8,55,70.6,76.2,81,52.4,26.4,28
48201432100,"Houston, TX",5054,48201432100,22.4,15.7,26,30.2,33.8,12.9,7.5,23.2,3.5,27.4,2.2,3.6,3.4,7.7,12.7,9.4,11.3,1.9,26.2,64.5,62.7,61.6,74.5,78,82,60.3,31.5,31.9
48201432200,"Houston, TX",4043,48201432200,21.2,13.8,24,29.1,33.5,16.9,7.6,26.7,5.1,32.1,2.5,4.2,4.4,8.9,11.2,9.8,12.8,2.3,22.3,67.7,62.6,69.4,80.4,76.5,82,61.7,31.1,33.2
48201432300,"Houston, TX",6521,48201432300,20.7,18.9,30,34.4,38,13,8.7,25.2,3,26.7,2.3,4,3.2,8.4,14.7,10.8,15,2.1,29.5,65.9,54.1,60.3,73.9,78.6,82,54.4,26.7,28.4
48201432400,"Houston, TX",5548,48201432400,19.4,19.3,31,36,38.7,14.7,8.6,27.7,3.3,29.2,2.6,4.6,3.9,9.8,14.9,11.8,18.8,2.5,29.8,66.5,48.9,63.9,74.6,77.3,82,51.4,25.5,26.4
48201432500,"Houston, TX",5529,48201432500,18,20.1,34,38.5,38,16.9,8.5,30.2,3.8,32.5,3.2,5.6,5.1,12,15.9,14,22.2,3.1,33.3,65.6,45.6,67.1,74.3,77.1,82,49.9,23.6,24.8
48201432600,"Houston, TX",1888,48201432600,20.3,17.9,29,33.1,34.7,19.1,8.2,30,5.3,33.6,2.9,5.6,5.5,10.2,13.4,12,15.5,2.9,25.2,67.7,59.1,70,78.4,75.7,82,59.2,30.5,30.6
48201432701,"Houston, TX",6721,48201432701,20.7,27.3,44,41.3,39.2,11.7,8.2,25.3,2.1,28.4,3,5.4,4.3,10.9,20.7,16.8,33.2,2.5,57.2,56.8,30.2,51.6,59.9,73.9,79,37.6,17.7,18.7
48201432702,"Houston, TX",3384,48201432702,24.8,15,24,28.7,32.7,12.4,7.3,20.9,3.6,27.1,2,3.5,3.2,6.7,12.1,9.1,12.6,1.7,27.1,62.3,61.7,59.2,75,76.7,83,61,31.9,33.2
48201432801,"Houston, TX",4767,48201432801,18.9,21,35,37,38.9,14.9,8.4,28.6,3.2,30.5,2.9,5.1,4.5,11.1,16,13.3,21.2,2.8,36.1,65,44.9,64.3,72.3,76.4,81,47.7,22.5,24.6
48201432802,"Houston, TX",5616,48201432802,16,22.8,43,38.3,38.5,20.4,8.5,34.8,4.9,36.8,4.4,7.7,8.3,16,17.7,18.2,34.1,4.8,47.6,65.5,34.6,70.8,70.6,73.3,79,41.8,19.5,18.2
48201432901,"Houston, TX",3484,48201432901,17.9,22.9,40,39.9,38.6,16.8,8.2,30.5,3.6,33.7,3.6,6.3,6,13.7,17.7,16.4,30.3,3.4,46,63,36.1,65.6,70,74.5,81,42.7,20.6,20.5
48201432902,"Houston, TX",4476,48201432902,17.2,21.5,38,34.7,38.4,17.7,8.1,31.1,4.1,35.1,3.4,6.1,6,13.7,15.9,15.3,24.4,3.4,40.1,65.5,43.1,68.8,73.1,73.2,77,46.2,22.6,24.1
48201433001,"Houston, TX",5358,48201433001,15.8,25.8,45,36.8,41.7,16.2,8.2,30.8,3.2,34.7,3.7,6.6,6.2,15.1,18.9,17.8,37.1,3.8,49.7,62.2,28.7,65.7,66.3,73.3,74,37.4,16.3,16.5
48201433002,"Houston, TX",4859,48201433002,18.7,24.9,42,36.8,40.7,12.8,8.2,26.6,2.4,30.2,3,5.1,4.5,11.9,18.8,15.7,32.3,2.7,51.5,60.4,30.2,58.7,64.2,72.1,76,35.3,16.8,17.8
48201433003,"Houston, TX",4831,48201433003,12.8,24.9,46,33.9,42.3,19.4,8.1,36.2,4,39.1,4.4,7.2,8,18.9,17.8,18.7,34.5,4.9,45.5,66.8,28.9,73.3,70.6,70.2,73,35.2,16.5,17.2
48201433100,"Houston, TX",3748,48201433100,18.7,25.2,41,40.7,40.9,13.9,9.4,27.8,2.5,28.7,3,5.3,4,11.3,19.4,15.5,27.9,2.8,47.7,63,36.7,59.5,67.3,76.9,80,42.3,19.2,20.7
48201433201,"Houston, TX",5118,48201433201,15.1,18.7,35,30.6,38.5,19.3,8,33.6,4.9,37.1,3.4,5.9,6.4,14.5,13.8,13.8,21.3,3.6,32.6,69.7,46.1,74.1,77.4,73.4,76,49.1,24.3,25.7
48201433202,"Houston, TX",4336,48201433202,15.8,18.3,37,31.9,36.6,19.4,7.5,32.7,5,37.8,3.5,6.1,6.9,14.8,14,14.6,21.4,3.6,37.3,67.5,47.3,73.5,76.6,72.5,77,49.6,25.4,26.1
48201433300,"Houston, TX",5196,48201433300,15.4,14.4,31,29.4,33.6,22.8,7.1,34.9,7,40,3.6,6.2,7.6,14.1,11.4,13,16.5,3.8,26.6,70.9,57.1,77.8,82.1,73.9,78,56.5,29.2,29.8
48201433400,"Houston, TX",4406,48201433400,18.2,21.1,37,36.8,37.9,17.3,8.5,31,3.9,33.7,3.2,5.7,5.4,13.1,15.9,14.5,19.5,3.2,39.1,66.1,48.1,68.1,73.8,75.6,80,51.5,24.9,26.7
48201433501,"Houston, TX",6161,48201433501,19.8,24.8,41,40.8,41,12.7,8.8,26.1,2.3,28.1,2.8,4.9,3.8,10.7,19.1,15.2,33.6,2.5,50.6,60.8,30.2,56.4,66.1,77.2,80,37.6,16.5,17.6
48201433502,"Houston, TX",7116,48201433502,18.2,25.5,43,40.9,40.8,14.1,8.7,28.7,2.5,31,3.2,5.6,4.7,12.8,19.3,16.6,31.5,3,50.6,61.5,31.5,60.8,66.6,75,79,36.9,16.4,18.4
48201433600,"Houston, TX",5281,48201433600,18.1,24.3,38,40.8,43,16,9.5,32.1,3,30.5,3,5.5,4.4,12.2,17.4,14.3,25.9,3.1,37.2,67.7,38,65.8,72.9,78,81,43.8,18.8,20.7
48201440100,"Houston, TX",4042,48201440100,20.9,16,30,33.4,35.9,16.8,7.5,28.8,4.4,33.2,2.8,4.7,4.8,11.2,12.5,11.7,17.6,2.7,32.2,66.4,52.6,68.9,78.3,76.3,81,55.5,26,28.1
48201450100,"Houston, TX",1756,48201450100,18.5,8.7,19,23.4,27.5,21.6,6.7,29.1,8.2,37.3,2.6,3.9,5.1,8.5,8,8.2,5.7,2.4,10.7,72.3,79.2,76.9,88.1,77.2,84,70.8,40.7,41
48201450200,"Houston, TX",4872,48201450200,20,9.4,19,23.8,27.2,20.5,6.7,28.1,7.8,36.4,2.5,3.9,4.9,7.9,8.3,8.1,5.2,2.3,10.9,71.1,80.5,75.1,87.5,77.1,85,70.7,41.5,42.6
48201450300,"Houston, TX",7024,48201450300,19.9,14,25,28.3,33.1,18.1,7.9,27.3,5.5,33,2.5,4.5,4.4,9.1,11.3,10,11,2.4,20.9,69.1,65.4,70.8,81.3,76.3,82,62.9,33.3,34.6
48201450400,"Houston, TX",4503,48201450400,19.8,16.3,27,30,33.5,18.9,8.1,28.2,5.4,33.9,2.7,5.4,5,9.5,12.8,11.4,13.8,2.7,21.8,67.4,62.1,70.3,79,75.4,81,60.4,32.5,33.1
48201450500,"Houston, TX",2941,48201450500,17.1,7.9,18,23.5,26,24.2,6.6,33.3,9.4,41.6,2.8,4.3,6.1,9.9,7.3,8.4,4.8,2.6,9.4,74.8,80.5,80.2,90.1,78.3,84,73.3,40.9,43
48201450600,"Houston, TX",4310,48201450600,20.3,10.7,20,26.2,29.4,19.5,7.2,27.7,6.7,35.3,2.5,4.2,4.8,8.4,9.5,8.9,7.8,2.3,14.5,69.7,74,73.7,84.6,76.8,83,67.8,38,40.2
48201450700,"Houston, TX",6461,48201450700,19.7,7.8,17,23.4,26.2,21.5,6.6,29,8.5,38,2.5,3.7,5,7.9,7.5,7.7,5.1,2.2,8.7,72.4,81.2,76.7,89.1,77.6,85,71.4,41.7,43.1
48201450801,"Houston, TX",2170,48201450801,22,13.3,22,28.5,32.5,16.3,7.7,25.6,5,30.9,2.3,4,4.2,7.9,11.3,9,10.1,2.1,18.5,67.4,66.4,68.8,79.4,77.5,83,65,33.9,36.2
48201450802,"Houston, TX",5991,48201450802,20.1,16.7,28,32.3,35.4,16.9,8.2,27.7,4.6,31.4,2.7,4.9,4.6,9.4,13.2,11.1,15.9,2.6,25.3,67.1,56.3,67.8,77.2,77.4,83,57.4,29.2,30.5
48201450900,"Houston, TX",2434,48201450900,20.5,11.2,21,26.8,30.1,20.3,7,28.7,7,35.6,2.5,4.3,5,8.7,9.3,8.8,7.2,2.4,14.8,70.2,73.9,74.1,85,77,83,70.5,38.4,40.1
48201451001,"Houston, TX",4981,48201451001,20,16.7,28,33.2,36.9,17.2,8.2,28.7,4.5,32.3,2.7,4.9,4.7,10.1,13.3,11.3,17.2,2.6,25.3,67.9,52.5,68.1,78,76.3,81,55,27.2,28.1
48201451002,"Houston, TX",5109,48201451002,20.8,17.7,28,34.3,37.8,14,8.8,25.9,3.4,26.9,2.3,4,3.2,8.1,14.1,10.2,14,2.1,26.3,67.7,56.9,62.1,75.6,78.4,83,58.1,28.2,30.1
48201451100,"Houston, TX",3989,48201451100,17.7,12.5,24,30.2,30.9,22.6,7.6,32.3,7,38.5,3.1,5.4,6,10.9,10.7,11,9.4,3,16.3,70.9,69.1,76.2,84.9,77.6,83,65.7,34.3,35.3
48201451200,"Houston, TX",2675,48201451200,19.3,9.1,18,24.9,27.1,23.2,6.9,31.1,8.6,39.7,2.6,4.3,5.5,9,8.1,8.6,5.2,2.4,10.3,73.1,79.6,77.7,89.1,78.2,84,72.9,40,41.9
48201451300,"Houston, TX",6881,48201451300,20.2,12.3,22,28.5,31.4,19.6,7.6,28.7,6.2,34.9,2.6,4.4,4.7,9,10.4,9.5,7.9,2.4,15.4,70.2,71.5,72.7,84.1,78.1,84,66.7,35.7,36.8
48201451401,"Houston, TX",3330,48201451401,20.5,11.4,22,26.3,31.1,18.2,7.3,27,6.2,32.8,2.4,3.9,4.4,8.2,9.7,8.6,8.6,2.2,16.8,70.1,71.5,72.1,83.2,77.7,83,67.4,36.2,36.5
48201451402,"Houston, TX",4543,48201451402,22.3,13.9,23,30.7,34.8,14.6,8,24.6,4.1,28.5,2.1,3.4,3.1,7.7,11.6,8.7,8.5,1.8,20.5,68.3,67.1,65,80.1,78.9,84,63.8,33.6,36.4
48201451403,"Houston, TX",3504,48201451403,23.1,12.7,21,27.1,33.6,12.4,7.5,21.4,3.6,26.4,1.8,2.9,2.6,6.2,10.7,7.6,8.3,1.5,18.1,66.2,68.1,61.9,78.7,79,83,62.8,34.3,35.3
48201451500,"Houston, TX",5084,48201451500,22.4,10.9,19,25.5,31.5,13.6,6.9,22.1,4.3,28.4,1.9,2.9,3,6.4,9.5,7.2,6.3,1.6,15.1,66.7,72.7,65.5,81,78.9,84,67.4,37.3,38.9
48201451601,"Houston, TX",5886,48201451601,15.4,8.6,21,23.5,28.1,24.4,6.5,33.7,9.5,39.8,3.2,4.7,6.8,10.2,7.9,9.3,7.7,3.1,12.4,74.5,74.9,80.1,88.5,76.8,83,67.9,37.8,36.5
48201451602,"Houston, TX",7317,48201451602,20.3,11.7,21,25.4,32.4,15.8,6.9,24.8,4.9,32.2,2.1,3.5,3.7,8,9.7,8.3,7.6,1.9,16,68.2,70.1,69.5,82.7,77.7,82,64.4,34,37
48201451700,"Houston, TX",2665,48201451700,19.9,14.8,25,31.6,36.2,16,8.4,27.3,4.2,29.8,2.4,3.9,3.6,8.9,12,9.6,9.9,2.2,20.4,69.9,65,67.8,80.5,78.3,83,63.2,30.1,34.1
48201451800,"Houston, TX",2943,48201451800,18.6,15.3,29,31.1,35.7,18.1,7.8,30.1,4.8,34.8,2.8,4.5,4.8,11.9,12,11.4,11.6,2.7,25.9,69.6,61,71.8,81.5,76.8,81,57.6,29.2,31
48201451901,"Houston, TX",7411,48201451901,19,18.2,30,35.3,38.6,15.9,8.8,29.3,3.7,30.6,2.7,4.5,4,10.6,14.2,11.6,14.7,2.6,27.2,68.9,53.6,67,77.3,78.1,82,54.5,25.6,28.3
48201451902,"Houston, TX",2466,48201451902,16.3,9.9,22,21.2,32.4,16.7,6,27.8,5.6,36.2,2.3,3.2,4.3,10.3,8,8,6.4,2.1,14.5,71.5,71.9,75.5,86,75.6,78,65.5,34.1,38.1
48201452000,"Houston, TX",7136,48201452000,20.9,14.6,25,29,35.9,14.3,8.1,24.9,4.1,28.1,2.2,3.6,3.5,7.9,11.8,9.1,13,2.1,22.7,68.2,61,65.3,78.4,78.2,82,59.3,30.7,30.8
48201452100,"Houston, TX",8823,48201452100,20.4,13,23,28,34.1,15.8,7.6,26,4.9,29.8,2.3,3.7,4,7.9,10.8,8.7,11.4,2.2,19.5,69,63.4,68.2,80.1,77.9,83,62.6,32.5,31.9
48201452201,"Houston, TX",5215,48201452201,21,17.9,29,34.5,37.7,13.8,8.5,26.1,3.3,27.5,2.3,3.9,3.2,8.6,13.8,10.3,12.2,2.1,27.1,67.2,58.3,62.4,76.2,78.2,83,57.8,28.6,30.8
48201452202,"Houston, TX",2963,48201452202,21,16.5,26,31.8,36.1,12.5,8,23.9,3.1,26.5,2.1,3.4,2.9,7.7,13,9.4,9.5,1.8,24.1,65.9,62,60.6,75.6,78.2,83,59.7,29.7,32.7
48201452300,"Houston, TX",2323,48201452300,14.8,20.3,38,31.8,38.6,18.9,8.1,33.3,4.3,37.7,3.5,5.9,6.1,15.8,14.9,15.3,16.9,3.6,36.4,68.4,48.6,73.1,76.5,73.2,76,49.2,23.2,26.2
48201452400,"Houston, TX",8192,48201452400,15.5,20.1,37,32.8,38.8,18.3,8.1,32.4,4.1,36.6,3.4,5.9,5.9,14.9,15,14.9,20.7,3.4,36,67.8,45.4,72.1,76,73.7,76,47,22.5,24.6
48201452500,"Houston, TX",7794,48201452500,15.1,21.7,39,34.7,40.1,18,8.6,32.6,3.9,35.3,3.4,6,5.8,14.5,16.2,15.3,23.2,3.5,37,67.9,42.6,70.6,74.3,73.7,77,45.9,21.8,23.8
48201452600,"Houston, TX",681,48201452600,15,20.4,37,36.1,37.8,22.3,8.7,36.6,5.3,39.1,3.8,7.4,7.4,16.1,15.5,16,21.1,4.2,33.5,69.9,47.1,75.5,78,76,79,52.3,23.7,25.8
48201452700,"Houston, TX",1765,48201452700,16.3,16.1,32,32.3,37.4,17.3,7.7,30.8,4.2,35,3,4.6,4.9,13.5,13,12.5,13.6,2.9,29.7,69.2,54.2,72,79.3,76.9,78,53,24.6,26.4
48201452801,"Houston, TX",4749,48201452801,16.2,18,33,32.2,38.4,18.6,8.2,32.5,4.5,35.4,3.1,5.3,5.3,13.4,13.5,12.9,15.5,3.2,28.9,70.1,53.7,72.7,79.1,75.4,78,54.3,25.6,28.8
48201452802,"Houston, TX",5949,48201452802,16.8,20.1,36,33.9,39.9,15.7,8.2,29.7,3.4,33,3,4.9,4.7,13,15.3,13.6,19.9,2.9,37,66.9,44.5,67.9,74.3,74.2,78,45.9,21.6,24.7
48201452900,"Houston, TX",4040,48201452900,15.2,22.3,41,35.7,39,20,8.5,34,4.4,37.8,3.8,7,6.9,16,16.7,17,24.7,3.9,41.2,67.1,41.5,72.2,74.2,73,76,45.3,21.9,23.4
48201453000,"Houston, TX",7857,48201453000,16.5,21.4,40,35.8,38.7,18.6,8.2,32.3,4.1,37,3.6,6.3,6.4,15.5,16.4,16.4,25,3.5,43.8,65.9,40.1,70.4,73.7,73,77,43.7,20.8,22.7
48201453100,"Houston, TX",3266,48201453100,16.7,20.4,37,34.9,39.2,17.4,8.5,31.5,3.9,34.3,3.3,5.5,5.5,13.8,15.6,14.4,21.4,3.3,37.8,67.4,44.6,69.9,74.7,74.6,78,47.5,21.7,24.3
48201453200,"Houston, TX",7947,48201453200,17.1,23.7,40,38.1,41.1,17.3,9.1,31.8,3.6,33.2,3.4,6.2,5.5,13.6,17.6,15.8,28.4,3.5,42.2,66.1,37.5,67.5,71.9,74.7,78,44.2,20.3,21
48201453300,"Houston, TX",2965,48201453300,15.7,24.9,38,37.5,43.8,15.9,9.6,32.2,2.9,31,3.1,5.7,4.6,12.9,17.9,14.7,22.9,3.3,34.4,68.1,39.4,66.7,71.6,76,79,43.6,19.9,22.8
48201453401,"Houston, TX",3125,48201453401,18,19.5,35,35.2,37.3,18.6,8.1,31.3,4.5,35.3,3.2,5.8,5.7,13.4,14.9,14.3,19,3.2,36.4,66.8,49.3,70.2,76.2,74.5,79,51.4,25.4,26.3
48201453402,"Houston, TX",8214,48201453402,17.7,18.7,34,33.5,38.3,16.2,7.9,29.7,3.7,33.3,2.9,4.8,4.7,12.5,14.1,12.9,17.6,2.8,34.7,67.2,49.3,68.8,76.3,75.8,79,49.9,24,26.4
48201453403,"Houston, TX",3133,48201453403,14.6,22.9,40,38.6,41.4,19.7,9.2,36.6,4,36.1,3.9,6.7,6.4,16.4,17,16.3,24.2,4.3,36.6,69.8,40,72.9,74.7,74.6,79,45.4,19.6,22
48201453501,"Houston, TX",6174,48201453501,17.1,17.6,32,31.1,38.6,16.5,8,30,3.9,33.6,2.8,4.6,4.6,12.5,13.4,12.2,15,2.8,30.2,68.7,52.8,70.4,77.9,75.2,78,51.6,24.6,27.9
48201453502,"Houston, TX",3685,48201453502,17.4,19.1,34,34.8,37.4,19.1,8.7,32.5,4.5,35,3.1,5.6,5.3,13.2,14.4,13.6,14.8,3.2,32.7,69.5,54.8,71.6,78.4,76.2,80,56.6,26.4,30
48201453601,"Houston, TX",2108,48201453601,16,22.4,39,37.8,40.3,18.6,9,33.4,4,34.6,3.5,6.3,6,14.3,16.8,15.6,23.8,3.6,37.9,68,41.9,70.1,74.2,75,80,47.5,22.4,23.7
48201453602,"Houston, TX",7699,48201453602,15.7,21.1,39,36.3,40,20,8.7,34.5,4.4,37.1,3.6,6.5,6.3,15.8,15.9,15.9,24.7,3.8,37.7,68.5,41,72.8,76.1,75,78,45.9,20.5,22.3
48201453700,"Houston, TX",5217,48201453700,17.8,18.9,33,35,39.4,18.4,8.9,32.6,4.4,33.5,3,5.3,5.1,12.6,14.1,12.9,19.2,3.2,31.8,70.3,50.2,71,78.5,76.5,80,54,25.1,26.3
48201453800,"Houston, TX",3342,48201453800,16.2,19.7,36,34.8,38.3,21.3,8.7,35.2,5.2,37.7,3.5,6.6,6.5,14.8,14.6,14.9,20.9,3.8,33,70.1,47.5,74.4,78.8,74.7,79,51.1,24,25.6
48201454301,"Houston, TX",3607,48201454301,20.2,16.4,28,32.7,37.4,15,8.4,27.3,3.9,28.9,2.5,4,3.7,9.4,13,10.2,14.8,2.4,27,68.5,55.6,66.4,77.2,77.6,82,57.9,27.3,28.5
48201454302,"Houston, TX",101,48201454302,17.5,16.5,30,30.1,34.8,20.4,7.7,31,5.7,37.2,2.9,5.6,5.5,12.2,12.3,12.3,11.7,2.9,25.6,69.4,61.6,73.2,81.5,74.5,80,55.6,29.6,34.5
48201454400,"Houston, TX",52,48201454400,21.5,11.5,20,29,32.1,15.6,7.8,25.1,5,29.7,2.1,3.4,3.7,7.1,10.2,8.1,8.4,1.9,13.9,69.3,75,67.1,83.5,78.3,86,63.5,43.8,37.3
48201454501,"Houston, TX",159,48201454501,19.6,9.3,19,22.4,30.6,15.7,6.3,24.8,5.4,33.8,2,2.9,3.7,7.9,8,7.2,4.8,1.8,12.2,70.1,77.4,71.6,86.7,79.3,82,67.9,36.5,42.4
48201454502,"Houston, TX",214,48201454502,19.6,9.1,19,23.9,31.6,14.3,6.1,23.2,4.7,32.2,1.9,2.6,2.9,7.5,7.9,7,5.3,1.6,13.2,69.2,76.6,68.6,87.4,77.1,83,67.5,40.1,41.8
48201454600,"Houston, TX",2289,48201454600,25,12.4,21,25.6,32.2,13.7,7.3,21.1,4.6,26.8,1.9,3.1,3.1,6,10.7,7.6,10.1,1.7,18.7,65.4,68.4,64,78.4,78,82,65.8,34,33
48201454700,"Houston, TX",61,48201454700,19.2,11.8,22,29.8,30.3,20.3,7.9,28.5,6.4,35.6,2.6,4.4,4.6,9.2,10.7,9.9,7,2.4,15.3,70.5,74.3,73.2,86,80.4,84,63.8,38.1,36.8
48201454800,"Houston, TX",1080,48201454800,19.9,15,26,27.9,31.9,20.6,8.5,28.6,6.7,33.5,2.9,5.4,5.2,9.4,12.5,10.9,11.2,2.8,22.4,69.4,67.8,73.4,79.3,75.2,82,66,33.9,35.6
48201455200,"Houston, TX",54,48201455200,19.5,11.7,25,28.2,30.7,19.3,7.5,27.8,5.9,35.5,2.7,4.3,4.7,10.3,11.1,10.2,8.7,2.3,20.3,69.5,69.3,73.8,82.7,75.7,80,65.6,31.8,28.7
48201455300,"Houston, TX",699,48201455300,17.4,9.9,24,26.4,30.4,21,8,29.9,7.6,32.3,3,4.3,5.5,9,10.2,9.2,9.3,2.9,19.5,73.7,71.7,76.3,82.9,79.1,84,67.7,35.8,33.3
48201510100,"Houston, TX",2142,48201510100,25.5,12.4,21,28.6,32.4,13,6.6,23.6,3.9,29,2,2.9,3.3,7.7,9.8,7.9,8.8,1.7,20.9,65.3,66.5,64.5,80.1,79.3,84,62.2,28.6,30.7
48201510200,"Houston, TX",5432,48201510200,27.4,10.4,17,23.9,29.6,10.5,6.9,17.6,3.5,24.3,1.6,2.3,2.3,4.9,9.7,6.1,6.7,1.2,15.6,62.8,72,59.2,77.4,78.9,84,66.4,33.9,34.9
48201510300,"Houston, TX",5284,48201510300,25,8.7,16,24.8,29,15.3,6.5,22.3,5.5,31.2,1.9,2.7,3.1,6.3,8,6.6,5.5,1.5,11.6,67.2,76.2,67.9,85.5,78.9,85,69,37.2,38.4
48201510400,"Houston, TX",3837,48201510400,24.5,11.1,19,26.2,29.2,15.1,7,22.5,5,30.6,2,3.2,3.4,6.7,9.7,7.7,6.5,1.7,14.6,65.7,74.3,66.7,82.2,78.2,85,67.4,36.3,36.8
48201510500,"Houston, TX",2849,48201510500,24.5,10.1,18,26.3,29.6,14.4,6.8,22.9,4.8,29.9,2,2.8,3.2,7,8.9,7.2,6.4,1.7,15.5,66.6,74.8,67.6,83.2,79.6,86,68.1,35,36.7
48201510600,"Houston, TX",4763,48201510600,27.8,9.1,16,23.8,29.7,10,6.2,17.5,3.5,24.7,1.5,1.9,2.1,5,8.2,5.6,5.8,1.1,15.6,63.2,73.4,58.8,80.5,80.2,86,66.1,34.1,34.9
48201510700,"Houston, TX",3511,48201510700,29.1,8.3,14,21.7,28.5,9.4,6.3,15.6,3.4,23.4,1.3,1.7,1.8,3.9,8,4.9,4,0.9,11.8,62.6,78.2,56.2,80.3,80,85,70.2,38.5,39.5
48201510800,"Houston, TX",6908,48201510800,24.7,9.5,16,24.2,28.9,15.4,6.6,22.5,5.5,31.2,1.9,2.9,3.3,6.1,8.4,6.8,5.3,1.6,11.7,66.9,77.5,67.9,84.5,79.2,85,70.6,39.3,40.5
48201510900,"Houston, TX",6070,48201510900,26.8,10,18,24.3,30.4,10.9,6.4,18.2,3.8,25.7,1.6,2.2,2.5,5.5,8.9,6.3,7.6,1.2,18,63.4,69.9,59.7,79.8,78.5,85,63.9,34.1,34.6
48201511001,"Houston, TX",2685,48201511001,21.9,10.8,20,25.7,28.7,19,7,26.9,7,34,2.4,4,4.8,7.8,9.2,8.3,7.8,2.2,15.4,69.1,74.4,73.1,84,76,84,69.5,38.2,39.4
48201511002,"Houston, TX",4261,48201511002,23.6,11.5,21,26.5,30.2,17.4,6.8,25.8,6.1,32.4,2.3,3.7,4.3,7.6,9.4,8.3,8.1,2.1,17.3,67.9,72.9,70.3,83.1,77.4,84,67.2,37.2,36.9
48201511100,"Houston, TX",2676,48201511100,24,10.2,19,25,30.3,15.5,6.7,24.2,5.6,30.2,2.2,3.1,3.9,7.2,8.9,7.4,9.5,2,17,67.4,70.8,70,82.3,78.2,84,65.5,33.2,32.7
48201511200,"Houston, TX",4424,48201511200,25.1,12.7,20,27,30.6,13.8,7.1,21.6,4.4,28.6,1.9,3.2,3.1,6.5,10.4,7.9,8,1.6,17.8,64.3,70.7,64,79.7,78.7,85,64.8,33.2,34.7
48201511301,"Houston, TX",3970,48201511301,23.4,9.9,18,25.7,29.2,16.4,6.7,24.1,5.8,32.3,2.1,3.2,3.7,7.2,8.7,7.5,7.2,1.8,14.4,67.6,73.5,69.7,84.6,78.2,85,67.1,35.3,35.7
48201511302,"Houston, TX",3631,48201511302,23.8,10.2,18,25.6,28.6,17.1,6.9,24.3,6,32.8,2.1,3.3,3.8,7,8.9,7.6,5.4,1.8,12.3,67.6,77,70.1,84.8,78.3,85,69.8,37.1,38.5
48201511400,"Houston, TX",3001,48201511400,22.8,13,22,29,30.6,17,7.1,25.3,5.4,33.1,2.4,4,4.2,8.3,10.7,9.3,8.9,2.1,18.8,66,68.8,68.8,81.7,78.2,84,63.5,33.3,34.3
48201511500,"Houston, TX",6472,48201511500,23.9,12.5,22,27.7,30.6,15.4,7,23.6,4.9,31.3,2.2,3.5,3.7,7.8,10.3,8.6,8.1,1.8,20.2,65.8,69.9,66.8,81.5,78,84,64.4,33,34.4
48201511600,"Houston, TX",4641,48201511600,20.1,18.3,34,34.8,34.4,16.6,7.7,27.9,4.2,34.2,3.1,5.1,5.3,12.3,14.6,13.8,17.1,2.7,38.7,63.9,50.7,66.7,74.9,76,82,50.9,24.1,24.8
48201520100,"Houston, TX",1597,48201520100,20.4,13.9,26,29.9,31.1,18.6,7.1,28.4,5.7,35.4,2.8,4.8,5.3,10.5,11.3,11.1,12.3,2.6,25.5,67.2,63.7,71.7,80.7,76.9,83,59.7,31.4,31.3
48201520200,"Houston, TX",3604,48201520200,21,11.9,22,27.4,31.2,18.8,7,26.9,6.2,34.5,2.4,4.2,4.6,8.4,9.9,9.3,11.8,2.2,17.9,68.5,66.7,71.8,84.1,76.5,83,61.2,34.2,33.8
48201520300,"Houston, TX",5126,48201520300,19.6,18.7,33,34.6,35,18.2,7.8,29.4,4.6,35,3.1,6,5.9,11.9,14.6,13.9,20.6,3,35.6,64.8,50.1,69,75.4,75,80,52,26.6,26.8
48201520400,"Houston, TX",3079,48201520400,16.6,22.4,42,40.7,36.9,20.7,8.4,34,4.7,38.1,4.2,7.9,7.9,16.3,17.9,18.5,30.6,4.3,46.6,64.4,38.1,70.9,71.9,74.5,80,45.4,20.7,21.1
48201520500,"Houston, TX",7869,48201520500,19.1,21.9,39,38.2,37.7,17.9,8.3,30,4.1,34.8,3.3,6.4,5.9,13.2,17,15.9,28.2,3.2,44.5,63.7,39,66.7,72.3,74.1,79,44.5,21.5,22.9
48201520601,"Houston, TX",2484,48201520601,17.4,23.4,42,38.8,37.9,16.8,8,30.3,3.6,35.2,3.6,6.6,6.4,14.4,18.1,17.3,30.3,3.5,47.7,62,36.5,65.8,68.9,73.1,78,40.9,20.2,21.8
48201520602,"Houston, TX",6272,48201520602,19,22.4,40,38.6,37.3,17.6,8.2,29.8,3.9,34.9,3.4,6.4,6.1,13.5,17.3,16.5,28.4,3.2,46.8,62.6,39,65.8,71.2,72.9,80,43.6,21.1,22.8
48201520700,"Houston, TX",3724,48201520700,19.3,14.3,27,29.6,32,21.3,7.6,30.4,6.7,36.4,3.1,5.6,6.1,10.6,11.6,11.8,15.8,3.1,24.1,68.6,61,74,81.9,75.7,82,58.9,30.7,29.3
48201521000,"Houston, TX",2103,48201521000,19.4,21.1,36,36.9,35.3,17.6,8.1,28.6,4.3,33.7,3.2,6.4,5.8,11.5,16.4,15,24,3.1,39.8,63,47.1,65.9,72.2,74.2,81,49.3,26,25.1
48201521100,"Houston, TX",2177,48201521100,20.2,23.6,40,38.1,37.5,15.4,8.2,27,3.4,32.4,3.1,6.1,5.3,11.8,18,16.1,30.3,2.8,49.5,60.2,37.4,60.6,67.8,71.7,79,43.5,22,22.5
48201521200,"Houston, TX",6328,48201521200,19.8,21,37,36.7,37.2,16.8,8.1,28.1,3.9,32.9,3.1,5.8,5.3,11.7,16.4,14.8,26.1,2.9,43,63.1,42.4,65,71.9,74.5,80,46.7,22.9,22.6
48201521300,"Houston, TX",5439,48201521300,18.2,20,36,35,36.5,19.5,8.2,31,4.9,36.2,3.4,6.6,6.4,13.3,15.6,15.2,25.1,3.4,40,65.5,43.3,70.2,74.6,71.8,79,48.8,23.5,24.7
48201521400,"Houston, TX",7593,48201521400,19.8,23.8,42,39.8,38,14.2,8,26.8,2.9,31.7,3.2,5.6,5.1,12.2,18.7,16.4,31.1,2.7,54.1,59.6,34.7,59.1,65.9,73.4,79,39.3,20.8,20.6
48201521500,"Houston, TX",5897,48201521500,20,16.8,32,32.8,34.3,18.6,7.5,29.2,5.2,35.1,3,5.6,5.9,11.6,13.4,12.9,19.6,2.9,35.2,65.8,51.6,70,77,73.5,80,53.8,27.3,27.6
48201521600,"Houston, TX",3632,48201521600,18.8,19,36,36.9,37,19,8.3,31.8,4.6,35.1,3.3,5.9,5.8,13.6,14.9,14.5,23,3.4,39.6,66.8,47.8,70.5,76.6,75.7,80,51.4,23.6,25
48201521700,"Houston, TX",6100,48201521700,20.4,21.4,36,37.7,38.3,14.2,8.4,26.9,3.1,29.8,2.8,5.1,4.4,10.6,16.8,13.7,25.1,2.6,40.7,62.9,42.2,61.3,70.3,76.4,81,45.6,22.5,23.9
48201521800,"Houston, TX",5682,48201521800,18.3,16.1,30,29.3,35.9,17,7.4,28.4,4.4,34.6,2.7,4.6,4.7,11.8,12.5,11.8,14.8,2.6,29.7,67.5,56.4,70.8,78.6,75,78,54.7,26.3,29.4
48201521900,"Houston, TX",6537,48201521900,18.5,14.7,28,29.1,32.2,20.7,7.5,30.6,6.3,37.2,3,5.6,6.1,11.3,11.8,11.8,13.2,3,24.7,68.8,63,74.5,81,74,80,61.6,31.7,33.9
48201522000,"Houston, TX",4434,48201522000,17.6,14.6,31,31.7,32.2,23.8,7.3,34.4,7.5,38.9,3.8,6.8,8,13,12,13.5,18.2,3.9,30.9,69.4,56.7,76.7,80.3,74.2,81,59.2,30,29.3
48201522100,"Houston, TX",7445,48201522100,18.7,17.3,32,33.2,33.7,20.5,8.1,30.9,5.8,35.7,3.3,6.4,6.4,11.8,13.9,13.5,18.2,3.3,33.4,67.4,55.4,71.9,77.5,74.2,81,57.6,29.6,29.9
48201522201,"Houston, TX",3687,48201522201,19.3,17.3,33,34.1,35,19,7.6,29.8,5.2,35.1,3.2,5.9,6,11.9,13.8,13.4,21.7,3.1,35.5,65.9,49.2,70.2,76.8,73.9,81,52.1,26.8,27.4
48201522202,"Houston, TX",3655,48201522202,18.6,21.6,37,36.6,36.7,19.5,8.3,31.1,4.7,36.2,3.4,7.1,6.4,13.1,16.4,15.9,26,3.4,39.6,64.6,43.2,69.2,73.9,73.7,79,48.2,23.9,24.7
48201522301,"Houston, TX",4126,48201522301,19.8,17.7,32,34.1,34.9,17.9,7.8,28.3,4.6,33.9,3,5.5,5.2,11.2,14.1,13,17.8,2.8,33,65.3,53.6,68.4,76.7,75,81,54.4,27,28.2
48201522302,"Houston, TX",3909,48201522302,23,16.4,29,30.7,34.1,13.3,7.3,22.6,3.6,29,2.3,4,3.7,8.3,13.2,10.6,16.9,1.9,34.5,62.4,54.4,60.9,74.1,75.6,81,54.6,28.1,28.8
48201522401,"Houston, TX",5259,48201522401,20.3,15,28,30.9,33.2,19.2,7.3,29,5.8,35.3,2.9,5.3,5.7,10.5,12,11.6,16.6,2.8,27.8,67,58.1,71.5,80,74.8,81,57.8,30.6,31.1
48201522402,"Houston, TX",3920,48201522402,19.8,17.4,31,33.1,32.9,19.6,7.8,29.3,5.5,35.2,3.1,6.1,6,11.1,13.8,13.2,15.8,3,32.6,65.9,59,70.2,77.5,73.8,82,59,31.4,32.6
48201530100,"Houston, TX",6233,48201530100,20.4,19.9,35,36.5,36.9,16.6,8.1,28.3,4,32.6,3,5.5,5.1,11.4,15.4,13.9,24,2.8,40.9,63.9,44.7,65.8,73.5,74.9,81,49.6,24.8,24.9
48201530200,"Houston, TX",3373,48201530200,21.4,13.7,24,29.3,31.7,19.1,7.2,28,6,34.9,2.6,4.7,5,9.4,10.9,10.3,12,2.5,20.6,67.6,65,71.5,82.2,76.1,83,61.9,32.6,33.4
48201530300,"Houston, TX",2400,48201530300,13.4,24.4,43,46.8,43.4,28.1,10.6,48.7,5.9,40.3,5.3,9.6,9.3,21.6,17.1,19.4,35.1,7,34.9,75.4,37.7,80.3,80.2,80.2,83,49.4,17.4,18.8
48201530400,"Houston, TX",2602,48201530400,14.3,24.5,44,45.7,42.1,26.4,9.9,46.1,5.6,40.5,5.3,9.5,9.7,21.2,17.3,19.8,38.3,6.8,39.3,72.4,35.5,78.9,77.9,78,82,45,17.6,19.2
48201530500,"Houston, TX",4763,48201530500,15.5,24.3,42,43.5,41.6,24.2,10.1,41.2,5.1,38.4,4.6,8.6,8.1,18.8,17.7,18.7,36.3,5.7,42.6,70.5,35.9,76,75.8,77.3,81,48.1,17.6,20
48201530600,"Houston, TX",3612,48201530600,16.2,24.3,41,43.2,40.3,23.2,9.4,39.6,4.9,38.6,4.5,8.6,8.1,17.7,17.7,18.6,33.1,5.2,38.4,68.3,38,74.8,75.6,77.8,81,46,18.8,19.3
48201530700,"Houston, TX",5606,48201530700,16.6,23,42,41.2,39.3,20.3,9.3,34.8,4.4,35.8,4.1,7.3,7,15.8,18.1,17.6,33.1,4.4,44.7,66.8,37.1,71,72.6,76.3,81,44.5,19.3,19.6
48201530800,"Houston, TX",3849,48201530800,14.3,18.4,34,41.2,39.8,27.4,10,47,6.6,39.5,4.5,7.5,8.1,18.7,13.4,15,21,5.6,25.4,78.1,52.9,81.5,84.4,80.4,84,61.6,23.2,26.2
48201530900,"Houston, TX",4187,48201530900,17.7,14.3,28,31.5,30.7,23.3,7.7,33.9,7.4,38.6,3.4,6.2,7,11.9,11.6,12.4,12.9,3.5,23.1,70.6,65.4,76.6,83,76.2,83,63,33.2,33
48201531000,"Houston, TX",3629,48201531000,21.9,12.8,22,28.2,30.1,18.8,7.3,26.6,6,34.5,2.4,4.4,4.5,8.3,10.4,9.6,9.2,2.2,17.3,67.5,70.6,70.8,83.5,77,84,64.7,35.4,35.7
48201531100,"Houston, TX",2854,48201531100,22.5,11.6,21,26.9,29.8,18,7,25.6,6.1,33.6,2.3,3.9,4.2,7.9,9.7,8.7,8,2,16.4,67.9,72.7,70.7,84.1,77.8,84,66.1,35.8,36.6
48201531200,"Houston, TX",3162,48201531200,21,13.5,25,29.4,31.5,19.4,7.3,28.5,6.1,34.6,2.7,4.7,5.1,9.3,11,10.1,11.3,2.5,20.5,68.3,66.2,72.3,82.1,76.7,83,63.3,32.6,32.6
48201531300,"Houston, TX",5380,48201531300,19,21.6,36,38.2,37.3,18.4,8.4,30.7,4.3,34.2,3.3,6.5,5.8,12.4,16.4,15,25,3.3,37.8,64.9,44.1,68.2,73.4,75.2,81,49.3,24.3,25.4
48201531400,"Houston, TX",2053,48201531400,18.9,13.7,26,29.6,30.7,23.5,7.4,32.5,7.7,38.6,3.2,5.9,6.6,11.1,11,11.6,12.5,3.2,22.3,70.3,65.5,76.5,83.5,74.8,82,64.5,34,34.4
48201531500,"Houston, TX",3020,48201531500,20.6,13.8,26,30.1,32.1,20.1,7.4,29.3,6.3,35.6,2.7,4.9,5.3,10.1,11.1,10.7,11.5,2.6,22.6,68.8,65.5,72.8,82.8,75.9,82,63.6,33.1,34
48201531600,"Houston, TX",2823,48201531600,20.3,13.8,25,29.3,31.1,21.1,7.5,29.9,6.8,36.2,2.8,5.2,5.6,9.8,11,10.8,11.8,2.8,20.7,69.2,66.8,73.7,83.2,75.8,83,63.6,33.4,33.3
48201531700,"Houston, TX",2829,48201531700,22,10.9,20,25.3,29,20,7.1,26.9,7.2,35,2.4,4.1,4.6,7.7,9.2,8.6,8.2,2.2,13.6,69.5,74.4,73.2,85.4,77.3,84,67.9,38,37.6
48201531800,"Houston, TX",2352,48201531800,14.2,23.7,40,44.8,43.2,26.3,11,46,5.6,38.2,4.7,8.7,8.2,19.4,16.9,17.7,31.1,6.2,33.2,75.7,41.2,78.9,79.7,79.2,83,53.2,18.8,21.8
48201531900,"Houston, TX",4708,48201531900,14.5,23.1,40,44.7,42.9,25.5,10.7,44.8,5.4,37.8,4.5,8.1,7.6,18.8,16.5,17,28.9,5.7,32.7,75.3,42.4,78.3,79.9,80.1,83,53.9,19,22.1
48201532001,"Houston, TX",4867,48201532001,16.8,23.3,37,41.6,41.8,20.6,10.3,36.7,4.4,33.9,3.6,7,5.8,14.3,17.2,15.5,27.4,4.1,33.8,70.9,42.1,72.1,76,79.1,82,51.4,21.6,22.9
48201532002,"Houston, TX",1008,48201532002,20.5,13.4,24,30.4,32.1,21.7,7.6,31.9,6.7,36.9,2.8,5.1,5.5,10.6,10.6,10.7,10.1,2.8,19.8,70.9,68.8,74.9,84.6,77,83,66.8,33.3,36.6
48201532100,"Houston, TX",5777,48201532100,17.5,23.3,38,39.7,38.9,20.9,9.2,34.7,4.8,36,3.7,7.5,6.7,14.1,17.1,16.3,26.3,4,37.1,67.5,42,71.1,74.5,74.8,81,49.8,23.5,24.1
48201532200,"Houston, TX",2790,48201532200,16.1,27.4,41,43.3,41.5,21.7,10.8,36.9,4.4,35.3,4,8.7,6.9,15,19.9,18.5,29.7,4.5,39.4,68.5,39.1,70.4,72.7,75.9,81,49.2,22.2,23.4
48201532300,"Houston, TX",5520,48201532300,21.5,17.8,28,33.6,36.7,15.8,8.5,26.9,4,29.6,2.4,4.6,3.9,9,13.9,10.9,14.6,2.3,27.5,66.9,57.1,65.4,76.5,77.1,82,58.5,29.8,31.4
48201532400,"Houston, TX",4430,48201532400,19.8,16.2,30,33.9,33.8,18.1,7.6,28.9,4.8,34.6,2.9,5.1,5.1,11.3,13,12.2,12.7,2.6,30.9,66.7,60.7,69.7,79.3,76.2,82,59.9,30.6,32.2
48201532501,"Houston, TX",674,48201532501,20.5,15.9,31,33.1,34.5,16.3,7.7,26.6,4.2,32.9,2.7,4.6,4.5,11.1,13.6,12.4,16.4,2.4,36.6,65.5,54,66.6,76.8,75.5,80,52.5,24.5,27.6
48201532502,"Houston, TX",5562,48201532502,18.8,19.7,36,36.5,36.1,18.2,8.3,29.8,4.3,35,3.2,5.9,5.6,13.1,15.8,15.1,19.7,3,41.7,65.1,49.1,68.1,75,75.1,80,51.2,25.1,26.1
48201532600,"Houston, TX",1969,48201532600,18.4,21.1,36,38.4,39.4,19.1,9.5,33,4.1,34.2,3.2,6.1,5.1,13.4,16,14.8,22.6,3.3,36,68.6,45.8,70.3,76.7,77.2,81,49,21.7,23.5
48201532700,"Houston, TX",2664,48201532700,16.6,18.7,33,37.2,36.9,23.8,9,37.6,6.1,38.4,3.6,7.1,6.9,14.3,14.1,14.5,18.4,4,26.3,71.9,53.8,76.4,81.5,78.1,82,57,27.8,28.6
48201532800,"Houston, TX",1684,48201532800,16.9,17.9,33,35.9,36.2,22.8,8.9,35.5,5.9,37.7,3.6,6.8,6.7,14.1,14,14.5,18.3,3.8,29.7,70.7,54.5,75.2,80.8,76,81,56.5,28.5,28.8
48201532900,"Houston, TX",413,48201532900,20.9,18.8,35,37.8,37.2,13.2,7.9,25.5,2.9,29.5,2.6,4,3.8,10.8,15.4,12.8,19.5,2.2,43,63,47.2,60,72.7,78.5,82,46.4,21.4,23.8
48201533000,"Houston, TX",1416,48201533000,14.9,23.5,41,44.7,43.5,25.1,10.5,43.7,5.3,37.4,4.7,8.4,7.9,18.8,17.1,17.6,36.2,6,35.3,73.6,35.8,77.5,77.8,77.9,82,49.2,17.7,19.5
48201533100,"Houston, TX",6449,48201533100,17.6,18.2,31,38.2,39.8,20.4,9.7,36,4.8,33.5,3.2,5.5,5,13.1,13.9,12.6,17.9,3.5,26.5,73.6,55.2,73.8,81.2,79.5,83,58.9,25.5,28.5
48201533200,"Houston, TX",3222,48201533200,15,20.9,36,42.1,40.5,24.2,10.1,43,5.4,37.5,4.1,7.3,7.1,17.3,15.2,15.6,22.3,5,28.7,75.1,50.7,78.1,81.2,80.5,83,56.9,22.8,25.4
48201533300,"Houston, TX",5880,48201533300,13.7,25.3,42,47.3,44.1,26.4,10.9,47.3,5.3,38.6,4.9,9,8.4,20.4,17.7,18.4,31.2,6.4,33.5,75.9,40.1,78.8,78.9,80,83,52.3,18.5,21.3
48201533400,"Houston, TX",3635,48201533400,13.9,25,43,45.6,42.9,26.8,10.8,46.2,5.6,40,5,9.4,8.9,20.8,17.7,19.4,33.7,6.4,37.9,74.1,37.8,78.8,78.6,77.8,81,50.5,18.2,21
48201533500,"Houston, TX",4362,48201533500,18.6,16.9,33,34.3,35.6,19.9,8,32,5.3,36.1,3.2,5.7,5.9,13.3,13.4,13.5,18.7,3.2,36.8,68.3,52.1,72.5,79,75.5,81,55.8,26.1,28.5
48201533701,"Houston, TX",2430,48201533701,20.3,24.3,41,39.3,38.9,12.7,8.3,25.5,2.4,29.3,2.9,4.9,4.2,11.1,18.7,15.4,28.4,2.4,53.2,59.6,36.2,56.2,65.7,74.5,79,40,19.9,19.5
48201534001,"Houston, TX",560,48201534001,20.4,22.5,38,38.1,39.5,12.3,8.5,24.5,2.4,27.4,2.6,4.6,3.6,9.8,18,13.8,29.6,2.3,47.6,61.1,36.5,56.7,66.8,76.8,80,41,16.2,23.1
48201534002,"Houston, TX",149,48201534002,21.2,22.8,35,39.3,41.7,13.9,9.4,28.3,2.7,27.4,2.5,4.5,3.3,9.9,16.5,12.7,24.4,2.4,39.7,66.3,41.8,60.8,72.5,74.3,82,51.7,,24.2
48201534003,"Houston, TX",428,48201534003,20.1,20.6,35,37.6,38.1,13.8,8.1,27.3,2.9,30.2,2.7,4.4,4.1,11.3,15.8,13.2,19.3,2.5,40.6,63.8,48.6,62.7,72.4,77.6,81,49.1,22.1,25.6
48201540100,"Houston, TX",60,48201540100,16.7,10.8,22,22.9,33.9,15.4,6.3,25.7,4.9,33.7,2.2,3.2,3.8,9,8.7,8.2,7.8,1.9,16.9,70.3,70.7,71.5,85.5,76,79,66.6,34.1,31.7
48201540200,"Houston, TX",2654,48201540200,19.2,19.5,34,33.6,35.3,17.6,8,28.7,4.3,34.4,3,5.6,5.2,12,15,13.8,15.8,2.8,36.6,65.2,54.1,68,75.1,74.7,79,53.4,26.9,29.3
48201540501,"Houston, TX",461,48201540501,21.3,21.6,36,37.4,36.2,12.9,8.1,24.2,2.8,28.2,2.6,4.5,3.6,9.5,16.9,13.3,17.2,2.2,44.2,60.9,51.2,56.7,69.4,73.7,81,52.2,24.6,28.5
48201540602,"Houston, TX",138,48201540602,24.6,16.2,27,31.4,36,9.8,7.8,19.8,2.3,23.3,1.8,2.7,2.1,6.6,13.2,8.8,14,1.4,31.9,63.2,57.7,53.7,73.1,81,83,59.7,,27.8
48201541001,"Houston, TX",554,48201541001,23.9,16.3,24,29.3,35,13.2,8.2,22.7,3.5,26.9,1.9,3.6,2.9,6.8,12.8,8.8,11.6,1.7,20.1,65.6,64.3,61.8,76.4,76,82,59.4,31.8,38
48201541300,"Houston, TX",1200,48201541300,19.5,18.1,32,31.8,38.3,13.4,7.7,25.1,3.2,29.6,2.4,3.8,3.5,9.8,13.6,11.1,15.8,2.1,33.8,65.1,50.3,63.2,75.7,75.7,80,50.8,23.6,24.8
48201541400,"Houston, TX",2886,48201541400,22.2,13.9,24,28.9,33.9,14.3,7.4,23.9,4.1,29.5,2.1,3.4,3.2,8,11,8.9,9,1.8,23.1,66.9,66.6,65.4,80.5,77.6,82,62.3,32.7,34.4
48201541700,"Houston, TX",5048,48201541700,25,13.9,22,28.2,34.5,12.4,7.7,21.1,3.4,25.9,1.8,3,2.6,6.3,11.5,7.9,9.4,1.5,21,65.4,65.8,60.9,77.7,77.9,82,62.4,30.8,34.8
48201541800,"Houston, TX",2220,48201541800,23.5,18.5,27,30.1,35.9,14.1,8.5,23.3,3.5,28.3,2.1,4.2,3.3,7.7,14.2,10.4,13.2,1.9,25.2,64.3,58.3,62,74.4,76.6,80,55.6,28.3,28.9
48201542400,"Houston, TX",726,48201542400,21.5,17.1,28,32.2,38,12.1,9.1,22.1,2.9,24.1,2,3.3,2.4,7.1,14.5,9.5,14.2,1.7,29.2,66.7,56.5,58.5,74,76.1,82,57.8,29.1,29.9
48201543002,"Houston, TX",106,48201543002,23.9,12.9,20,26.7,33.4,12.7,7.2,21.5,3.9,27.3,1.7,2.7,2.5,6.1,9.9,7.1,5.8,1.4,16.2,66.7,71.4,62.3,81.7,80.6,84,66.1,38.3,37.3
48201543200,"Houston, TX",5924,48201543200,20.5,13.9,25,27.7,32.8,18,7.3,27.3,5.6,34.1,2.5,4.6,4.7,9.4,11.1,10.2,12.4,2.4,22.9,67.9,63.7,71,81.1,75.3,81,60.7,32.3,34.1
48201550100,"Houston, TX",3905,48201550100,18.1,26.7,40,43.4,43.6,14.4,10.6,29.7,2.5,26.9,3,5.7,3.7,10.8,20.5,15.2,32,2.9,41.8,65.9,34.8,59.8,67.7,78.9,82,44.3,17.9,20.7
48201550200,"Houston, TX",3725,48201550200,17.3,27.9,41,45,43.8,15.2,11,31.7,2.5,27.5,3.2,6.1,4,11.4,21.3,15.8,30.1,3.2,39.4,67.1,36.3,61.5,67.8,80.2,82,43.5,17.8,19.7
48201550301,"Houston, TX",328,48201550301,20.4,23.9,33,40.4,44,12.9,10.7,28.2,2.4,23.6,2.4,4.5,2.8,8.3,18,11.7,24.4,2.4,32.5,68.6,41.5,57.7,70.3,79.8,83,49.3,,24.4
48201550302,"Houston, TX",698,48201550302,22.4,17.4,30,33.9,37,11.5,7.7,22.9,2.6,26.4,2.2,3.4,2.8,8.5,14.1,10.6,16,1.8,36.2,63.3,52.5,57.9,72.7,78,82,50.6,24.2,27.4
48201550401,"Houston, TX",455,48201550401,20.8,20.7,33,37.3,40.5,13.4,9.4,26.7,2.7,27.2,2.4,4.3,3.2,9.6,16.3,12.1,20.7,2.3,35.4,66.2,44.8,61,72.8,78.8,81,46,27.3,24.2
48201550402,"Houston, TX",818,48201550402,21.7,18.6,28,35.4,39.9,13.5,9.3,26.7,2.9,25.8,2.2,3.8,3,8.5,14.5,10.1,15,2.2,27,68.7,55.4,62.4,75.2,80.9,83,57.5,23.2,29
48201550500,"Houston, TX",982,48201550500,19,19.6,33,35.8,39.3,17.7,9.2,32.4,4.1,32.2,3,5.2,4.9,12.4,14.6,12.6,17.7,3.2,32.8,70,50.6,69.9,76.3,78.1,82,56.1,24.5,27.1
48201551000,"Houston, TX",176,48201551000,18.8,20.1,37,38.8,38,13.2,8.6,26.1,2.6,30,2.8,4.2,3.9,11.6,17,14,16,2.2,43.6,63.9,44.8,60,72.1,74.1,80,39.4,17.9,24.8
48201551400,"Houston, TX",749,48201551400,25.3,14.4,24,29,34.7,10.9,7.6,20.9,2.9,24.7,1.8,2.8,2.5,6.5,11.7,8.1,10.6,1.5,26.4,65,64.8,57.7,75.9,78.4,82,61.5,32.1,31.8
48201551500,"Houston, TX",1936,48201551500,22.9,18.7,27,30,37.2,11,8.6,21.5,2.6,23.9,1.9,3.4,2.5,6.5,14.3,9.2,11.4,1.6,27,64.6,59.2,56.2,72,78.3,81,57.2,27.9,30.6
48201552002,"Houston, TX",561,48201552002,25.5,15.5,23,28.6,34,12.4,7.9,21.2,3.4,25.7,1.8,3.3,2.7,6.1,12.4,8.3,10,1.6,21,64.5,65.4,60.1,75.6,78,82,62.6,31.4,31.8
48201552101,"Houston, TX",577,48201552101,25.5,16.1,23,29.8,36.9,10.4,8.7,20.1,2.6,21.9,1.6,2.8,1.8,5.2,12.9,7.7,10.5,1.3,23.4,66.1,61.6,53.6,74.7,77.8,83,59.7,34.7,35.5
48201552400,"Houston, TX",1061,48201552400,23,19.1,28,31.9,38.1,11.2,9.5,21.4,2.5,22.9,1.9,3.5,2.2,6.3,15.4,9.6,12.9,1.6,29.1,65.4,56.4,55.3,71.7,77.9,81,55.3,25.1,33.6
48201552601,"Houston, TX",2685,48201552601,20,17.8,30,34.8,36.4,16.3,8.8,27.5,4.1,29.6,2.8,4.9,4.2,9.8,15,11.7,16.3,2.7,28.4,66.7,54.6,66.2,74,77.1,82,57.9,27.8,28.2
48201552700,"Houston, TX",2486,48201552700,18.1,9.9,23,23.2,30.6,21,6.8,29.7,8.3,32.9,3,4.3,5.9,8.5,8.8,8.8,9.9,3,19.3,72,69.8,75.9,82.7,77.2,82,68.2,36.7,33.1
48201552800,"Houston, TX",509,48201552800,26.7,11.8,18,26.4,33.5,10.3,7.8,18.1,3,22.6,1.5,2.2,1.8,4.7,10.3,6.3,7.7,1.1,15.8,65.7,72.5,56.1,79,79.8,84,63.5,36.1,
48201552900,"Houston, TX",329,48201552900,26.1,13.5,21,27.7,33.2,9.4,8.2,17.3,2.5,20.3,1.5,2.5,1.8,4.3,12.5,6.8,8.2,1.1,20.2,64.2,68.1,51.6,73.3,79.7,83,64.1,34.9,32.9
48201553001,"Houston, TX",459,48201553001,22.6,15.3,24,29.4,37.8,11.8,8.2,23.1,3,24.8,1.8,2.9,2.3,6.9,11.7,8.1,11.2,1.7,22.6,68,62.8,61.1,78,79.8,82,56.9,30.9,29.3
48201553002,"Houston, TX",133,48201553002,15.4,14.5,26,28.7,31.1,29,7.7,39.3,8.9,45.9,3.5,7.8,8.3,13.9,10.8,13.4,12,3.8,16,74.3,65.8,81.5,87.3,76.3,77,64.5,31,34.3
48201553200,"Houston, TX",957,48201553200,19.9,15.5,31,34.9,35.3,18.1,7.9,31.1,5.1,31.9,3.2,4.8,5.5,11.6,12.8,11.6,16.4,3.3,32.2,68.7,56.8,70.9,77.3,77.1,84,60.9,27.5,27.3
48201553300,"Houston, TX",1689,48201553300,20.5,19.6,31,34.5,37.7,16.1,9.2,28.3,4.3,27.8,2.8,5.1,4.6,8.8,15.5,11.6,20.3,2.9,28.4,67.5,52.7,65,72.7,78.4,82,54.9,28.9,25.8
48201980100,"Houston, TX",603,48201980100,19,21.3,33,39.8,41.3,12.9,10.3,26.2,2.5,23.5,2.4,4.1,2.6,8,17.8,11.4,17.7,2.1,29.6,68.1,47.1,58.2,71.1,81.5,84,52.1,23.4,24.7
48339692300,"Houston, TX",2279,48339692300,22.4,18.1,28,30.9,34.7,16.4,8.8,26.9,4.6,26.8,2.2,4.4,3.9,7.3,13.5,10.1,13.2,2.2,21.7,62.2,60.8,62.7,74,74.3,80,60.4,32.3,27.9
48339692400,"Houston, TX",1768,48339692400,18.6,15.7,30,30.4,31.9,25.1,8.4,35.7,8.1,34.7,3.2,6.2,6.8,10.2,12,11.9,12.7,3.4,18.5,67.5,63.1,74.8,79.7,73.9,80,63.2,33.2,28
48157670601,"Houston, TX",3239,48157670601,15.4,16.2,30,39.9,40.1,22.4,10.5,41.6,4.9,32.1,3,4.9,4.5,13.8,12.4,11.5,11.7,3.4,19.3,76.7,63.4,77,84.5,84,85,66.1,28.3,31.1
48157670700,"Houston, TX",1506,48157670700,15.9,14.2,28,37.7,39.2,20.3,10.1,38.3,4.6,30.2,2.7,4.1,3.8,12,11.4,10.1,10.6,2.9,17.3,76.3,65.5,75.4,84.8,84.3,86,66.9,29.6,32.9
48201423600,"Houston, TX",2541,48201423600,17.8,16.9,30,36.3,39,18.2,9,33.2,4.2,32.4,2.9,4.7,4.4,12.3,13.2,11.8,15.7,3.1,26.9,71.9,55.5,72.3,80.7,79.4,83,58.3,25.5,28.6
48201440100,"Houston, TX",4042,48201440100,20.9,16,30,33.4,35.9,16.8,7.5,28.8,4.4,33.2,2.8,4.7,4.8,11.2,12.5,11.7,17.6,2.7,32.2,66.4,52.6,68.9,78.3,76.3,81,55.5,26,28.1
48201321200,"Houston, TX",2631,48201321200,17.5,23.4,42,41.3,38.4,16.6,8.5,29.2,3.5,33.4,3.6,6.5,5.9,13.5,19.3,17.3,31.9,3.2,48.4,62.1,34.5,64,68.4,73.2,80,40.9,20.6,20.2
48201324000,"Houston, TX",243,48201324000,20.1,14.9,28,29.2,33.6,17.4,6.9,27.7,4.9,34.6,2.7,4.4,4.9,10.9,11.6,11,10.5,2.4,27.4,67.2,62.6,70.1,80,77.1,80,60.5,28,28.8
48201341301,"Houston, TX",4147,48201341301,17.8,16.4,28,30.4,33.9,20.7,7.9,30.3,5.9,35.8,3.1,6.2,6.1,10.7,13.4,12.2,15.8,3.1,20.9,67.7,57.1,73.6,77.3,76.1,79,58.9,30,30.7
48157670700,"Houston, TX",1506,48157670700,15.9,14.2,28,37.7,39.2,20.3,10.1,38.3,4.6,30.2,2.7,4.1,3.8,12,11.4,10.1,10.6,2.9,17.3,76.3,65.5,75.4,84.8,84.3,86,66.9,29.6,32.9
48201330800,"Houston, TX",2530,48201330800,20.3,16.8,29,36,38.2,16.2,8.4,29.6,3.9,30.7,2.6,4.2,4,10.6,12.9,11,14.2,2.5,28.5,69,56.2,67.8,79.9,78.9,84,57.5,26.1,28.9
48201350100,"Houston, TX",807,48201350100,22,15.5,24,31.9,38.9,11.2,9.9,22.7,2.7,21.3,1.7,2.8,1.8,6.1,13,7.8,11.7,1.6,23.2,70.8,62.8,58.6,77.1,81.2,84,61.7,27.9,34.8
48157672001,"Houston, TX",2076,48157672001,15.4,14.3,30,29.6,35.5,18.6,8.1,31.7,4.8,32.3,2.7,4.3,4.4,11.8,11.6,10.8,11.2,2.6,23,69,61.6,73.8,80,79.6,80,60.6,31.8,31.1
48201330303,"Houston, TX",4061,48201330303,17.7,20.5,35,40.2,39.1,18.5,9.5,33.9,4,33,3.3,5.8,5.3,13.5,15.9,14.3,19.3,3.5,34.4,69.4,49.4,70.5,76.6,79.3,83,53.8,23.1,25.1
48201324200,"Houston, TX",1647,48201324200,16.1,22,44,41.2,36.9,20,8.2,34.1,4.3,38.9,4.4,7,7.9,18.2,18.1,19.4,26.4,4.1,51.8,64.4,36.6,70.4,71.8,74.7,79,41.2,18,17.4
48201340202,"Houston, TX",4577,48201340202,19,10.8,21,23.7,31.2,17.2,6.6,26.3,5.5,35.4,2.2,3.5,4,8.9,9,8.5,6.4,2,12.9,69.9,74.9,72.7,86,76.9,81,63.9,36.3,38.9
